{
    "summary": "I am a master’s student at Carnegie Mellon University, pursuing a degree in Information Systems Management with an expected graduation date of December 2025. I hold a bachelor’s degree in Systems and Computer Engineering with a minor in Chemistry from the University of the Andes in Bogotá, Colombia.\n\nAt the end of my undergraduate studies, I was recognized by Colombia's Ministry of Education for achieving one of the highest national scores in the Saber Pro Test, a nationwide assessment that evaluates performance by field of study.\n\nPreviously, I worked as an IT Consultant at Bip, specializing in IT strategy. During my time there, I gained diverse experience across various industries, contributing to projects such as:\n\n- Software selection (industrial sector)\n- Operational excellence using process mining and lean methodologies (banking and financial services)\n- PMO for software development (marine transport)\n- Digital transformation initiatives (banking and financial services)\n- Business strategy development (banking and financial services)\n- Business turnaround plan (motorcycle commercialization)\n- Technical due diligence (insurance)\n- IT and data strategy (capital markets surveillance)\n- Cybersecurity strategy (industrial sector)\n- Prefeasibility analysis for hyperscale data center development (data centers)\n- Data migration (banking and financial services)\n\nCurrently, I am specializing in data engineering, machine learning, and AI product development. I am passionate about leveraging data to drive innovation and solve complex challenges.\n\nI am actively exploring opportunities in the AI, data, and analytics domains and can be reached at santiagbv@gmail.com or sbolaosv@andrew.cmu.edu.",
    "industryName": "Management Consulting",
    "lastName": "Bolaños Vega",
    "locationName": "United States",
    "student": false,
    "geoCountryName": "United States",
    "geoCountryUrn": "urn:li:fs_geo:103644278",
    "geoLocationBackfilled": false,
    "elt": false,
    "birthDate": {
        "month": 8,
        "day": 9
    },
    "industryUrn": "urn:li:fs_industry:11",
    "firstName": "Santiago",
    "entityUrn": "urn:li:fs_profile:ACoAACw5yaMBFgQvaT2WMgAaFEeLQf2-KryHNgs",
    "geoLocation": {
        "geoUrn": "urn:li:fs_geo:101351937"
    },
    "geoLocationName": "Pittsburgh, Pennsylvania",
    "location": {
        "basicLocation": {
            "countryCode": "us"
        }
    },
    "headline": "Information Systems Management @ CMU | AI | Machine Learning | Data Science | Data Engineering | IT Strategy",
    "displayPictureUrl": "https://media.licdn.com/dms/image/v2/D4E03AQHpn9QFSzkNRw/profile-displayphoto-shrink_",
    "img_400_400": "400_400/B4EZQtl_A.GcAg-/0/1735931721016?e=1746057600&v=beta&t=SLhEHWzNn-BNKjcHWIJH6hiuFyP2CJoUvmkYUqSwhNQ",
    "img_100_100": "100_100/B4EZQtl_A.GcAU-/0/1735931721016?e=1746057600&v=beta&t=3NC8ZrrC1YER-_TSQ1I8vmEZGE7O52ml8vCciSuy3MU",
    "img_453_453": "800_800/B4EZQtl_A.GcAc-/0/1735931721016?e=1746057600&v=beta&t=lHQ1ShunG4V-0UUfxfnIMlz4DRIU8Jh7gHdu5YTsAf0",
    "img_200_200": "200_200/B4EZQtl_A.GcAY-/0/1735931721026?e=1746057600&v=beta&t=cZdGlbLHijJo3X5oJebXMWjzC13iRBHfhlUo8kFqj5Y",
    "profile_id": "ACoAACw5yaMBFgQvaT2WMgAaFEeLQf2-KryHNgs",
    "profile_urn": "urn:li:fs_miniProfile:ACoAACw5yaMBFgQvaT2WMgAaFEeLQf2-KryHNgs",
    "member_urn": "urn:li:member:741984675",
    "public_id": "santiagbv",
    "experience": [
        {
            "locationName": "Pittsburgh, Pennsylvania, United States",
            "entityUrn": "urn:li:fs_position:(ACoAACw5yaMBFgQvaT2WMgAaFEeLQf2-KryHNgs,2561939318)",
            "geoLocationName": "Pittsburgh, Pennsylvania, United States",
            "companyName": "Carnegie Mellon University",
            "timePeriod": {
                "startDate": {
                    "month": 1,
                    "year": 2025
                }
            },
            "description": "Teaching Assistant for Distributed Systems",
            "company": {
                "employeeCountRange": {
                    "start": 5001,
                    "end": 10000
                },
                "industries": [
                    "Higher Education"
                ]
            },
            "title": "Teaching Assistant",
            "companyUrn": "urn:li:fs_miniCompany:3147",
            "companyLogoUrl": "https://media.licdn.com/dms/image/v2/C560BAQH0rMqWuDcNzA/company-logo_"
        },
        {
            "locationName": "Bogota, D.C., Capital District, Colombia",
            "entityUrn": "urn:li:fs_position:(ACoAACw5yaMBFgQvaT2WMgAaFEeLQf2-KryHNgs,2162141926)",
            "geoLocationName": "Bogota, D.C., Capital District, Colombia",
            "geoUrn": "urn:li:fs_geo:102361989",
            "companyName": "BIP",
            "timePeriod": {
                "endDate": {
                    "month": 7,
                    "year": 2024
                },
                "startDate": {
                    "month": 4,
                    "year": 2023
                }
            },
            "description": "- Architected and implemented data migration processes to transition sensitive information for over +3,000 customers and, +8,000 accounts between two Caribbean banks, leveraging ETL practices and ensuring adherence to security protocols\n- Conducted preprocessing, cleansing, and transformation on a dataset encompassing 21 entities, utilizing Python and SQL to ensure data integrity and streamline the migration process\n- Built a data-driven feasibility model for Hyperscale Data Centers in a Colombian city, incorporating geospatial analysis, market trends, and operational cost metrics to identify optimal locations and strategic advantages\n- Created 19 commercial proposals based on client-specific data insights, achieving a 36% conversion rate with seven projects successfully initiated",
            "company": {
                "employeeCountRange": {
                    "start": 5001,
                    "end": 10000
                },
                "industries": [
                    "Management Consulting"
                ]
            },
            "title": "IT Senior Consultant",
            "region": "urn:li:fs_region:(co,0)",
            "companyUrn": "urn:li:fs_miniCompany:162842",
            "companyLogoUrl": "https://media.licdn.com/dms/image/v2/D4D0BAQFDrXnLvPwhvw/company-logo_"
        },
        {
            "locationName": "Bogota, D.C., Capital District, Colombia",
            "entityUrn": "urn:li:fs_position:(ACoAACw5yaMBFgQvaT2WMgAaFEeLQf2-KryHNgs,1897959679)",
            "geoLocationName": "Bogota, D.C., Capital District, Colombia",
            "geoUrn": "urn:li:fs_geo:102361989",
            "companyName": "BIP",
            "timePeriod": {
                "endDate": {
                    "month": 3,
                    "year": 2023
                },
                "startDate": {
                    "month": 10,
                    "year": 2021
                }
            },
            "description": "- Designed a data architecture in Azure for Colombia's primary stock market surveillance institution, supporting five data use cases to enhance data management and predictive analytics capabilities.\n- Performed technical and functional due diligence for a digital insurance platform (Insurtech), conducting in-depth assessments to define 11 strategic initiatives critical for investor engagement and alignment\n- Built an interactive business intelligence dashboard using Power BI to track performance across seven product categories and segment customer profiles, providing actionable insights for a Colombian microfinance bank's three-year strategic plan\n- Partnered with three start-ups to identify four innovative digital solutions for a Colombian microfinance bank, leveraging agile methodologies to accelerate product delivery and minimize time-to-market",
            "company": {
                "employeeCountRange": {
                    "start": 5001,
                    "end": 10000
                },
                "industries": [
                    "Management Consulting"
                ]
            },
            "title": "IT Consultant",
            "region": "urn:li:fs_region:(co,0)",
            "companyUrn": "urn:li:fs_miniCompany:162842",
            "companyLogoUrl": "https://media.licdn.com/dms/image/v2/D4D0BAQFDrXnLvPwhvw/company-logo_"
        },
        {
            "locationName": "Bogota,D.C., Capital District, Colombia",
            "entityUrn": "urn:li:fs_position:(ACoAACw5yaMBFgQvaT2WMgAaFEeLQf2-KryHNgs,1832257459)",
            "geoLocationName": "Bogota,D.C., Capital District, Colombia",
            "geoUrn": "urn:li:fs_geo:102361989",
            "companyName": "Universidad de Los Andes",
            "timePeriod": {
                "endDate": {
                    "month": 12,
                    "year": 2021
                },
                "startDate": {
                    "month": 8,
                    "year": 2021
                }
            },
            "description": "- Supported the learning process of 48 students by guiding them in understanding Enterprise Architecture concepts, including business processes, data, application, and technology architectures, as well as their interrelations.\n- Facilitated the development of students’ skills in creating enterprise architecture deliverables, such as blueprints, roadmaps, and solution designs, within controlled and structured scenarios.\n- Provided feedback and mentoring to help students articulate and formalize elements of business, information, application, and technology architectures, ensuring alignment with course objectives.",
            "company": {
                "employeeCountRange": {
                    "start": 1001,
                    "end": 5000
                },
                "industries": [
                    "Higher Education"
                ]
            },
            "title": "Enterprise Architecture Teaching Assistant",
            "region": "urn:li:fs_region:(co,0)",
            "companyUrn": "urn:li:fs_miniCompany:12422",
            "companyLogoUrl": "https://media.licdn.com/dms/image/v2/D4E0BAQE55XiklshQFQ/company-logo_"
        },
        {
            "locationName": "Bogota,D.C., Capital District, Colombia",
            "entityUrn": "urn:li:fs_position:(ACoAACw5yaMBFgQvaT2WMgAaFEeLQf2-KryHNgs,1722299678)",
            "geoLocationName": "Bogota,D.C., Capital District, Colombia",
            "geoUrn": "urn:li:fs_geo:102361989",
            "companyName": "BIP",
            "timePeriod": {
                "endDate": {
                    "month": 7,
                    "year": 2021
                },
                "startDate": {
                    "month": 1,
                    "year": 2021
                }
            },
            "description": "- Evaluated, proposed, and tested enhancements to three critical processes—payments, procurement, and onboarding—at a financial services company, leveraging process mining techniques to reduce full-time equivalents (FTE), and optimize takt time\n• Designed an evaluation framework for ERP selection for an industrial sector company, leading to the adoption of MS Dynamics by addressing functional and technical requirements and minimizing implementation gaps",
            "company": {
                "employeeCountRange": {
                    "start": 5001,
                    "end": 10000
                },
                "industries": [
                    "Management Consulting"
                ]
            },
            "title": "IT Consultant Intern",
            "region": "urn:li:fs_region:(co,0)",
            "companyUrn": "urn:li:fs_miniCompany:162842",
            "companyLogoUrl": "https://media.licdn.com/dms/image/v2/D4D0BAQFDrXnLvPwhvw/company-logo_"
        }
    ],
    "education": [
        {
            "entityUrn": "urn:li:fs_education:(ACoAACw5yaMBFgQvaT2WMgAaFEeLQf2-KryHNgs,1048167897)",
            "school": {
                "objectUrn": "urn:li:school:19232",
                "entityUrn": "urn:li:fs_miniSchool:19232",
                "active": true,
                "schoolName": "Carnegie Mellon University",
                "trackingId": "hwkZ/aB/T3Wp4wHWOyYnQA==",
                "logoUrl": "https://media.licdn.com/dms/image/v2/C560BAQH0rMqWuDcNzA/company-logo_"
            },
            "timePeriod": {
                "endDate": {
                    "month": 12,
                    "year": 2025
                },
                "startDate": {
                    "month": 8,
                    "year": 2024
                }
            },
            "description": "Relevant Courses: Distributed Systems for Information Systems Management, Introduction to Deep\nLearning, Machine Learning in Production, and Measuring Social",
            "degreeName": "Master of Information Systems Management",
            "schoolName": "Carnegie Mellon University",
            "fieldOfStudy": "Management Information Systems, General",
            "schoolUrn": "urn:li:fs_miniSchool:19232"
        },
        {
            "entityUrn": "urn:li:fs_education:(ACoAACw5yaMBFgQvaT2WMgAaFEeLQf2-KryHNgs,1048163962)",
            "school": {
                "objectUrn": "urn:li:school:11581",
                "entityUrn": "urn:li:fs_miniSchool:11581",
                "active": true,
                "schoolName": "Universidad de Los Andes",
                "trackingId": "wacmcZniTHqeeENlGyXjYA==",
                "logoUrl": "https://media.licdn.com/dms/image/v2/D4E0BAQE55XiklshQFQ/company-logo_"
            },
            "timePeriod": {
                "endDate": {
                    "month": 4,
                    "year": 2022
                },
                "startDate": {
                    "month": 1,
                    "year": 2018
                }
            },
            "description": "Relevant Courses: General Chemistry, Organic Chemistry, Inorganic Chemistry, Extraction and Separation, Analytical Chemistry, Physical Chemistry, and their respective labs",
            "degreeName": "Minor in Chemistry",
            "schoolName": "Universidad de Los Andes",
            "fieldOfStudy": "Chemistry",
            "schoolUrn": "urn:li:fs_miniSchool:11581"
        },
        {
            "entityUrn": "urn:li:fs_education:(ACoAACw5yaMBFgQvaT2WMgAaFEeLQf2-KryHNgs,597608600)",
            "school": {
                "objectUrn": "urn:li:school:11581",
                "entityUrn": "urn:li:fs_miniSchool:11581",
                "active": true,
                "schoolName": "Universidad de Los Andes",
                "trackingId": "PMhFEqBNQPSsRHq8sAUpSg==",
                "logoUrl": "https://media.licdn.com/dms/image/v2/D4E0BAQE55XiklshQFQ/company-logo_"
            },
            "timePeriod": {
                "endDate": {
                    "month": 4,
                    "year": 2022
                },
                "startDate": {
                    "year": 2016
                }
            },
            "description": "Relevant Courses: Machine Learning Techniques, Architecting Digital Enterprises, Business Intelligence, and Transactional Systems",
            "fieldOfStudyUrn": "urn:li:fs_fieldOfStudy:100331",
            "degreeName": "Systems and Computer Engineering",
            "schoolName": "Universidad de Los Andes",
            "fieldOfStudy": "Engineering",
            "schoolUrn": "urn:li:fs_miniSchool:11581"
        }
    ],
    "languages": [],
    "publications": [],
    "certifications": [
        {
            "authority": "Pontificia Universidad Católica de Chile",
            "name": "Introducción a la programación en Python I: Aprendiendo a programar con Python",
            "timePeriod": {
                "startDate": {
                    "month": 4,
                    "year": 2020
                }
            },
            "company": {
                "objectUrn": "urn:li:company:399270",
                "entityUrn": "urn:li:fs_miniCompany:399270",
                "name": "Pontificia Universidad Católica de Chile",
                "showcase": false,
                "active": true,
                "logo": {
                    "com.linkedin.common.VectorImage": {
                        "artifacts": [
                            {
                                "width": 200,
                                "fileIdentifyingUrlPathSegment": "200_200/company-logo_200_200/0/1733425646607/ucatolica_logo?e=1748476800&v=beta&t=OJw1hMRDSWSQCG__0E9E52COpkAnD95daOufxD0HYnE",
                                "expiresAt": 1748476800000,
                                "height": 200
                            },
                            {
                                "width": 100,
                                "fileIdentifyingUrlPathSegment": "100_100/company-logo_100_100/0/1733425646607/ucatolica_logo?e=1748476800&v=beta&t=yBrji8ZgwqGoF2cEWvNJxHk-lZJzNBIxfdvBjjaYvB8",
                                "expiresAt": 1748476800000,
                                "height": 100
                            },
                            {
                                "width": 400,
                                "fileIdentifyingUrlPathSegment": "400_400/company-logo_400_400/0/1733425646607/ucatolica_logo?e=1748476800&v=beta&t=xfH4tEciAgygnaU_yP5RAoEDLxGxgQk7ZcEmv9Z8Igw",
                                "expiresAt": 1748476800000,
                                "height": 400
                            }
                        ],
                        "rootUrl": "https://media.licdn.com/dms/image/v2/D4E0BAQEMCvXnWz2E_Q/company-logo_"
                    }
                },
                "universalName": "ucatolica",
                "dashCompanyUrn": "urn:li:fsd_company:399270",
                "trackingId": "KG6yAKukSluNYshkcIBRyw=="
            },
            "displaySource": "coursera.org",
            "companyUrn": "urn:li:fs_miniCompany:399270",
            "url": "https://coursera.org/share/24ed2fe88a688c1c828522495b4bfa73"
        },
        {
            "authority": "Udemy",
            "name": "The Data Strategy Course: Building a Data-driven Business",
            "timePeriod": {
                "startDate": {
                    "month": 3,
                    "year": 2023
                }
            },
            "licenseNumber": "UC-4f77d422-c94f-44a5-a43c-8cfe265dd97b",
            "company": {
                "objectUrn": "urn:li:company:822535",
                "entityUrn": "urn:li:fs_miniCompany:822535",
                "name": "Udemy",
                "showcase": false,
                "active": true,
                "logo": {
                    "com.linkedin.common.VectorImage": {
                        "artifacts": [
                            {
                                "width": 200,
                                "fileIdentifyingUrlPathSegment": "200_200/company-logo_200_200/0/1723593046388/udemy_logo?e=1748476800&v=beta&t=1uSVxPbKWU__qGhLH1N9spM3MBQjiJiN5Y6WQKyczuU",
                                "expiresAt": 1748476800000,
                                "height": 200
                            },
                            {
                                "width": 100,
                                "fileIdentifyingUrlPathSegment": "100_100/company-logo_100_100/0/1723593046388/udemy_logo?e=1748476800&v=beta&t=S1qyQPrunijy0XlO6ddKwTRRgWNPw5Z3pQPZfZftvmE",
                                "expiresAt": 1748476800000,
                                "height": 100
                            },
                            {
                                "width": 400,
                                "fileIdentifyingUrlPathSegment": "400_400/company-logo_400_400/0/1723593046388/udemy_logo?e=1748476800&v=beta&t=kKVrvqHAyC_QFDzaPG4LDuA02ELdvtGkYd3t5rqTPRE",
                                "expiresAt": 1748476800000,
                                "height": 400
                            }
                        ],
                        "rootUrl": "https://media.licdn.com/dms/image/v2/D560BAQEf_NHzN2yVQg/company-logo_"
                    }
                },
                "universalName": "udemy",
                "dashCompanyUrn": "urn:li:fsd_company:822535",
                "trackingId": "HW+u9+JGSRS4aQafSORvxg=="
            },
            "displaySource": "udemy.com",
            "companyUrn": "urn:li:fs_miniCompany:822535",
            "url": "https://www.udemy.com/certificate/UC-4f77d422-c94f-44a5-a43c-8cfe265dd97b/"
        },
        {
            "authority": "World Education Services",
            "name": "Verified International Academic Qualifications",
            "timePeriod": {
                "startDate": {
                    "month": 12,
                    "year": 2023
                }
            },
            "company": {
                "objectUrn": "urn:li:company:61690",
                "entityUrn": "urn:li:fs_miniCompany:61690",
                "name": "World Education Services",
                "showcase": false,
                "active": true,
                "logo": {
                    "com.linkedin.common.VectorImage": {
                        "artifacts": [
                            {
                                "width": 200,
                                "fileIdentifyingUrlPathSegment": "200_200/company-logo_200_200/0/1715805044273/worldeducationservices_logo?e=1748476800&v=beta&t=ee-x4DQe8XVEvSZ6b-Fe-srdmx21cY6NtJo98bXuvO8",
                                "expiresAt": 1748476800000,
                                "height": 200
                            },
                            {
                                "width": 100,
                                "fileIdentifyingUrlPathSegment": "100_100/company-logo_100_100/0/1715805044273/worldeducationservices_logo?e=1748476800&v=beta&t=ZQNpAOHiF9wgReufrYb1P3OXWXCs2CAhYC0A7Tn_1zk",
                                "expiresAt": 1748476800000,
                                "height": 100
                            },
                            {
                                "width": 400,
                                "fileIdentifyingUrlPathSegment": "400_400/company-logo_400_400/0/1715805044273/worldeducationservices_logo?e=1748476800&v=beta&t=oMZEIZ5LrE3td4wyKS0W4k7u7TuLRg46aLISAZLbkuQ",
                                "expiresAt": 1748476800000,
                                "height": 400
                            }
                        ],
                        "rootUrl": "https://media.licdn.com/dms/image/v2/D4E0BAQGrSmKE472DMw/company-logo_"
                    }
                },
                "universalName": "worldeducationservices",
                "dashCompanyUrn": "urn:li:fsd_company:61690",
                "trackingId": "PHjzFkNAQNidsBuGSWLj/g=="
            },
            "displaySource": "credly.com",
            "companyUrn": "urn:li:fs_miniCompany:61690",
            "url": "https://www.credly.com/badges/994032c3-008b-4467-add0-dd17d6a4c7c8/linked_in_profile"
        },
        {
            "authority": "BIP",
            "name": "Darwin International (5th Edition)",
            "timePeriod": {
                "startDate": {
                    "month": 5,
                    "year": 2024
                }
            },
            "licenseNumber": "7OXRjbZlQpS3Nire06Pm4Q",
            "company": {
                "objectUrn": "urn:li:company:162842",
                "entityUrn": "urn:li:fs_miniCompany:162842",
                "name": "BIP",
                "showcase": false,
                "active": true,
                "logo": {
                    "com.linkedin.common.VectorImage": {
                        "artifacts": [
                            {
                                "width": 200,
                                "fileIdentifyingUrlPathSegment": "200_200/company-logo_200_200/0/1713955813458/bip_global_logo?e=1748476800&v=beta&t=aMzxfsZIW3bIkxk6zfvZfMqOEUWA0E_bO_DezoC3Xug",
                                "expiresAt": 1748476800000,
                                "height": 200
                            },
                            {
                                "width": 100,
                                "fileIdentifyingUrlPathSegment": "100_100/company-logo_100_100/0/1713955813458/bip_global_logo?e=1748476800&v=beta&t=PHdZLAFy5ugom0qOnfOw6bIuFAma2KLf6cto1v_ZN04",
                                "expiresAt": 1748476800000,
                                "height": 100
                            },
                            {
                                "width": 400,
                                "fileIdentifyingUrlPathSegment": "400_400/company-logo_400_400/0/1713955813458/bip_global_logo?e=1748476800&v=beta&t=EYF3j_LQjhmMgOhCC2nzbDjXvGB7pF9ZZXAYplAGbnw",
                                "expiresAt": 1748476800000,
                                "height": 400
                            }
                        ],
                        "rootUrl": "https://media.licdn.com/dms/image/v2/D4D0BAQFDrXnLvPwhvw/company-logo_"
                    }
                },
                "universalName": "bip-global",
                "dashCompanyUrn": "urn:li:fsd_company:162842",
                "trackingId": "pG4obXATQUKduHoWqdRsVQ=="
            },
            "displaySource": "bestr.it",
            "companyUrn": "urn:li:fs_miniCompany:162842",
            "url": "https://bestr.it/award/show/7OXRjbZlQpS3Nire06Pm4Q"
        }
    ],
    "volunteer": [],
    "honors": [],
    "projects": [],
    "skills": [
        {
            "name": "Deep Learning"
        },
        {
            "name": "Apache Spark"
        },
        {
            "name": "Microsoft Azure"
        },
        {
            "name": "Social Media Analytics"
        }
    ],
    "urn_id": "ACoAACw5yaMBFgQvaT2WMgAaFEeLQf2-KryHNgs"
}