{
    "summary": "Bio Engineer turned ML Engineer. \n\nProduction experience shipping Deep Learning products in manufacturing and e-commerce.\n\nResearch experience on predictive AI for healthcare, Interpretability and Causality.",
    "industryName": "Computer Software",
    "lastName": "Molina",
    "locationName": "United States",
    "student": false,
    "geoCountryName": "United States",
    "geoCountryUrn": "urn:li:fs_geo:103644278",
    "geoLocationBackfilled": false,
    "elt": false,
    "industryUrn": "urn:li:fs_industry:4",
    "firstName": "Raul",
    "entityUrn": "urn:li:fs_profile:ACoAACHYtlkBRQgLOg5mzySuXB8_n8cvWfE3X5U",
    "geoLocation": {
        "geoUrn": "urn:li:fs_geo:102277331"
    },
    "geoLocationName": "San Francisco, California",
    "location": {
        "basicLocation": {
            "countryCode": "us"
        }
    },
    "headline": "Machine Learning Engineer",
    "displayPictureUrl": "https://media.licdn.com/dms/image/v2/C5603AQG1tS98HkH5-Q/profile-displayphoto-shrink_",
    "img_100_100": "100_100/profile-displayphoto-shrink_100_100/0/1645092053907?e=1746057600&v=beta&t=AmoDrVPWU1V0lJKXUsb3YMGuYRXJb49T_BBEYkY68cI",
    "img_200_200": "200_200/profile-displayphoto-shrink_200_200/0/1645092053907?e=1746057600&v=beta&t=53t4vb7p-ROXWkgKmHTik3g-3yDDs7x2h8uoak7L4BI",
    "img_400_400": "400_400/profile-displayphoto-shrink_400_400/0/1645092053907?e=1746057600&v=beta&t=Gu2ZNtCF-A7XxpAURrc33QMudOqjynT7_hsmzLnKBvU",
    "img_800_800": "800_800/profile-displayphoto-shrink_800_800/0/1645092053907?e=1746057600&v=beta&t=WealosaWvNqpijEf9dduVO_AieAOCBuFFuSgtGG3HCk",
    "profile_id": "ACoAACHYtlkBRQgLOg5mzySuXB8_n8cvWfE3X5U",
    "profile_urn": "urn:li:fs_miniProfile:ACoAACHYtlkBRQgLOg5mzySuXB8_n8cvWfE3X5U",
    "member_urn": "urn:li:member:567850585",
    "public_id": "rsmolina",
    "experience": [
        {
            "locationName": "San Francisco, California, United States",
            "entityUrn": "urn:li:fs_position:(ACoAACHYtlkBRQgLOg5mzySuXB8_n8cvWfE3X5U,2423318938)",
            "geoLocationName": "San Francisco, California, United States",
            "geoUrn": "urn:li:fs_geo:102277331",
            "companyName": "EvolutionaryScale",
            "timePeriod": {
                "startDate": {
                    "month": 4,
                    "year": 2024
                }
            },
            "company": {
                "employeeCountRange": {
                    "start": 11,
                    "end": 50
                },
                "industries": [
                    "Research"
                ]
            },
            "title": "Research Engineer",
            "region": "urn:li:fs_region:(us,0)",
            "companyUrn": "urn:li:fs_miniCompany:104259164",
            "companyLogoUrl": "https://media.licdn.com/dms/image/v2/D560BAQHI9hyl7RV-lw/company-logo_"
        },
        {
            "locationName": "San Francisco, California, United States",
            "entityUrn": "urn:li:fs_position:(ACoAACHYtlkBRQgLOg5mzySuXB8_n8cvWfE3X5U,2079627131)",
            "geoLocationName": "San Francisco, California, United States",
            "geoUrn": "urn:li:fs_geo:102277331",
            "companyName": "Netail",
            "timePeriod": {
                "endDate": {
                    "month": 3,
                    "year": 2024
                },
                "startDate": {
                    "month": 11,
                    "year": 2022
                }
            },
            "company": {
                "employeeCountRange": {
                    "start": 11,
                    "end": 50
                },
                "industries": [
                    "Retail"
                ]
            },
            "title": "Founding Engineer - Machine Learning",
            "region": "urn:li:fs_region:(us,0)",
            "companyUrn": "urn:li:fs_miniCompany:82538764",
            "companyLogoUrl": "https://media.licdn.com/dms/image/v2/D4E0BAQHSfBLGVn7Mpg/company-logo_"
        },
        {
            "entityUrn": "urn:li:fs_position:(ACoAACHYtlkBRQgLOg5mzySuXB8_n8cvWfE3X5U,1481991280)",
            "companyName": "Landing AI",
            "timePeriod": {
                "endDate": {
                    "month": 11,
                    "year": 2022
                },
                "startDate": {
                    "month": 6,
                    "year": 2019
                }
            },
            "company": {
                "employeeCountRange": {
                    "start": 51,
                    "end": 200
                },
                "industries": [
                    "Computer Software"
                ]
            },
            "title": "Machine Learning Engineer",
            "companyUrn": "urn:li:fs_miniCompany:18386620",
            "companyLogoUrl": "https://media.licdn.com/dms/image/v2/D560BAQG_h1kIyJ3CnQ/company-logo_"
        },
        {
            "locationName": "Bogotá D.C. Area, Colombia",
            "entityUrn": "urn:li:fs_position:(ACoAACHYtlkBRQgLOg5mzySuXB8_n8cvWfE3X5U,1481990486)",
            "geoLocationName": "Bogotá D.C. Area, Colombia",
            "geoUrn": "urn:li:fs_geo:102361989",
            "companyName": "Fundación Universitaria Sanitas",
            "timePeriod": {
                "endDate": {
                    "month": 6,
                    "year": 2019
                },
                "startDate": {
                    "month": 4,
                    "year": 2019
                }
            },
            "description": "- Developed a survival calculator using classical statistical analysis and machine learning applied to chronic diseases. Presented as web service using Flask and built on top of R and Python.",
            "company": {
                "employeeCountRange": {
                    "start": 501,
                    "end": 1000
                },
                "industries": [
                    "Higher Education"
                ]
            },
            "title": "Junior Researcher",
            "region": "urn:li:fs_region:(co,9549)",
            "companyUrn": "urn:li:fs_miniCompany:15093955",
            "companyLogoUrl": "https://media.licdn.com/dms/image/v2/C4D0BAQFyNPn_l-mRHg/company-logo_"
        },
        {
            "locationName": "Bogotá D.C. Area, Colombia",
            "entityUrn": "urn:li:fs_position:(ACoAACHYtlkBRQgLOg5mzySuXB8_n8cvWfE3X5U,1414751686)",
            "geoLocationName": "Bogotá D.C. Area, Colombia",
            "companyName": "Quirúrgicas S.A.",
            "timePeriod": {
                "endDate": {
                    "month": 11,
                    "year": 2018
                },
                "startDate": {
                    "month": 5,
                    "year": 2018
                }
            },
            "description": "- Developed a mortality risk assessment model in cardiac surgery for the Colombian population using artificial intelligence, obtaining an improved accuracy (+11%) compared with the current standard, EUROSCORE-II, formulated for the European population.\n",
            "title": "Research Assistant",
            "honors": [
                "urn:li:fs_honor:(ACoAACHYtlkBRQgLOg5mzySuXB8_n8cvWfE3X5U,1399791982)"
            ]
        }
    ],
    "education": [
        {
            "entityUrn": "urn:li:fs_education:(ACoAACHYtlkBRQgLOg5mzySuXB8_n8cvWfE3X5U,758240997)",
            "school": {
                "objectUrn": "urn:li:school:10410",
                "entityUrn": "urn:li:fs_miniSchool:10410",
                "active": true,
                "schoolName": "KU Leuven",
                "trackingId": "atHD7YfoSoCNQk2Xj2cIWA==",
                "logoUrl": "https://media.licdn.com/dms/image/v2/C560BAQHAtw6LesXG-w/company-logo_"
            },
            "grade": "Magna Cum Laude",
            "timePeriod": {
                "endDate": {
                    "month": 9,
                    "year": 2022
                },
                "startDate": {
                    "month": 9,
                    "year": 2021
                }
            },
            "description": "Emphasis in Causal Representation Learning",
            "fieldOfStudyUrn": "urn:li:fs_fieldOfStudy:100175",
            "degreeName": "Master of Science - MS",
            "schoolName": "KU Leuven",
            "fieldOfStudy": "Artificial Intelligence",
            "degreeUrn": "urn:li:fs_degree:626",
            "schoolUrn": "urn:li:fs_miniSchool:10410"
        },
        {
            "description": "Emphasis in computer vision and time series analysis.\n\nCoursework:\n\n- Graduate-level: Advanced Machine Learning, Computer Vision, Machine Learning.\n\n- Core: Molecular Biology, Biochemistry, Organic Chemistry, Biological Transport Phenomena, Biomaterials, Image Processing and Analysis, Modelling and Simulation of Biomedical Systems, Biostatistics.\n\n- Additional:  Introduction to Mathematical Models in Finance, Game Theory",
            "degreeName": "Bachelor of Engineering (B.E.)",
            "honors": [
                "urn:li:fs_honor:(ACoAACHYtlkBRQgLOg5mzySuXB8_n8cvWfE3X5U,1400101557)"
            ],
            "schoolUrn": "urn:li:fs_miniSchool:11581",
            "entityUrn": "urn:li:fs_education:(ACoAACHYtlkBRQgLOg5mzySuXB8_n8cvWfE3X5U,408817668)",
            "school": {
                "objectUrn": "urn:li:school:11581",
                "entityUrn": "urn:li:fs_miniSchool:11581",
                "active": true,
                "schoolName": "Universidad de Los Andes",
                "trackingId": "5NuNxDc7SjewNExy45c/aw==",
                "logoUrl": "https://media.licdn.com/dms/image/v2/D4E0BAQE55XiklshQFQ/company-logo_"
            },
            "activities": "Neuroscience Seminar Series",
            "grade": "4.16/5",
            "timePeriod": {
                "endDate": {
                    "year": 2018
                },
                "startDate": {
                    "year": 2015
                }
            },
            "schoolName": "Universidad de los Andes - Colombia",
            "fieldOfStudy": "Biomedical Engineering",
            "degreeUrn": "urn:li:fs_degree:269"
        }
    ],
    "languages": [
        {
            "name": "English",
            "proficiency": "PROFESSIONAL_WORKING"
        },
        {
            "name": "Spanish",
            "proficiency": "NATIVE_OR_BILINGUAL"
        }
    ],
    "publications": [
        {
            "date": {
                "month": 3,
                "year": 2021,
                "day": 5
            },
            "name": "Cardiac Operative Risk in Latin America: A comparison of machine learning models versus EuroSCORE-II",
            "publisher": "The Annals of Thoracic Surgery",
            "description": "Background\nMachine learning is a useful tool for predicting medical outcomes. This study aimed to develop a machine learning-based preoperative score to predict cardiac surgical operative mortality.\n\nMethods\nWe developed various models to predict cardiac operative mortality using machine learning techniques and compared each model to EuroSCORE-II using the area under the receiver operating characteristic (ROC) and precision-recall (PR) curves (ROC AUC and PR AUC) as performance metrics. The model calibration in our population was also reported with all models and in high-risk groups for gradient boosting and EuroSCORE-II. This study is a retrospective cohort based on a prospectively collected database from July 2008 to April 2018 from a single cardiac surgical center in Bogotá, Colombia.\n\nResults\nModel comparison consisted of hold-out validation: 80% of the data were used for model training, and the remaining 20% of the data were used to test each model and EuroSCORE-II. Operative mortality was 6.45% in the entire database and 6.59% in the test set. The performance metrics for the best machine learning model, gradient boosting (ROC: 0.755; PR: 0.292), were higher than those of EuroSCORE-II (ROC: 0.716, PR: 0.179), with a p-value of 0.318 for the AUC of the ROC and 0.137 for the AUC of the PR.\n\nConclusions\nThe gradient boosting model was more precise than EuroSCORE-II in predicting mortality in our population based on ROC and PR analyses, although the difference was not statistically significant.",
            "url": "https://www.annalsthoracicsurgery.org/article/S0003-4975(21)00448-3/abstract",
            "authors": [
                {
                    "member": {
                        "firstName": "Raul",
                        "lastName": "Molina",
                        "dashEntityUrn": "urn:li:fsd_profile:ACoAACHYtlkBRQgLOg5mzySuXB8_n8cvWfE3X5U",
                        "occupation": "Machine Learning Engineer",
                        "objectUrn": "urn:li:member:567850585",
                        "entityUrn": "urn:li:fs_miniProfile:ACoAACHYtlkBRQgLOg5mzySuXB8_n8cvWfE3X5U",
                        "backgroundImage": {
                            "com.linkedin.common.VectorImage": {
                                "artifacts": [
                                    {
                                        "width": 800,
                                        "fileIdentifyingUrlPathSegment": "200_800/profile-displaybackgroundimage-shrink_200_800/0/1517587889476?e=1746057600&v=beta&t=QmGuPyK5lj-ZZ45B6NqTTZtpYs94BAsMmuwcxFdQJKE",
                                        "expiresAt": 1746057600000,
                                        "height": 200
                                    },
                                    {
                                        "width": 1400,
                                        "fileIdentifyingUrlPathSegment": "350_1400/profile-displaybackgroundimage-shrink_350_1400/0/1517587889216?e=1746057600&v=beta&t=YZp9-IJP6N5Ft-xoxmpiYZkQISOeSiy9zyLh2RpN5wI",
                                        "expiresAt": 1746057600000,
                                        "height": 350
                                    }
                                ],
                                "rootUrl": "https://media.licdn.com/dms/image/v2/C4D16AQHww1vdoxx06w/profile-displaybackgroundimage-shrink_"
                            }
                        },
                        "publicIdentifier": "rsmolina",
                        "picture": {
                            "com.linkedin.common.VectorImage": {
                                "artifacts": [
                                    {
                                        "width": 100,
                                        "fileIdentifyingUrlPathSegment": "100_100/profile-displayphoto-shrink_100_100/0/1645092053907?e=1746057600&v=beta&t=AmoDrVPWU1V0lJKXUsb3YMGuYRXJb49T_BBEYkY68cI",
                                        "expiresAt": 1746057600000,
                                        "height": 100
                                    },
                                    {
                                        "width": 200,
                                        "fileIdentifyingUrlPathSegment": "200_200/profile-displayphoto-shrink_200_200/0/1645092053907?e=1746057600&v=beta&t=53t4vb7p-ROXWkgKmHTik3g-3yDDs7x2h8uoak7L4BI",
                                        "expiresAt": 1746057600000,
                                        "height": 200
                                    },
                                    {
                                        "width": 400,
                                        "fileIdentifyingUrlPathSegment": "400_400/profile-displayphoto-shrink_400_400/0/1645092053907?e=1746057600&v=beta&t=Gu2ZNtCF-A7XxpAURrc33QMudOqjynT7_hsmzLnKBvU",
                                        "expiresAt": 1746057600000,
                                        "height": 400
                                    },
                                    {
                                        "width": 800,
                                        "fileIdentifyingUrlPathSegment": "800_800/profile-displayphoto-shrink_800_800/0/1645092053907?e=1746057600&v=beta&t=WealosaWvNqpijEf9dduVO_AieAOCBuFFuSgtGG3HCk",
                                        "expiresAt": 1746057600000,
                                        "height": 800
                                    }
                                ],
                                "rootUrl": "https://media.licdn.com/dms/image/v2/C5603AQG1tS98HkH5-Q/profile-displayphoto-shrink_"
                            }
                        },
                        "trackingId": "q5KIKXrJSKuxDtbOpUMbRw=="
                    },
                    "profileUrn": "urn:li:fs_miniProfile:ACoAACHYtlkBRQgLOg5mzySuXB8_n8cvWfE3X5U"
                },
                {
                    "member": {
                        "firstName": "Maria Alejandra \"Alex\"",
                        "lastName": "Molina Rodriguez",
                        "dashEntityUrn": "urn:li:fsd_profile:ACoAABqdQ7YBAIa1TEERZKTJUS3QSs_GEBFRBjA",
                        "occupation": "MD, PGY1 Internal Medicine Resident Desert Valley Hospital",
                        "objectUrn": "urn:li:member:446514102",
                        "entityUrn": "urn:li:fs_miniProfile:ACoAABqdQ7YBAIa1TEERZKTJUS3QSs_GEBFRBjA",
                        "backgroundImage": {
                            "com.linkedin.common.VectorImage": {
                                "artifacts": [
                                    {
                                        "width": 800,
                                        "fileIdentifyingUrlPathSegment": "200_800/profile-displaybackgroundimage-shrink_200_800/0/1693444671362?e=1746057600&v=beta&t=XdUQ0odoiIK1J44ymSRCx5-cA4hGPV-oQLyFr8ljq28",
                                        "expiresAt": 1746057600000,
                                        "height": 200
                                    },
                                    {
                                        "width": 1080,
                                        "fileIdentifyingUrlPathSegment": "350_1400/profile-displaybackgroundimage-shrink_350_1400/0/1693444671363?e=1746057600&v=beta&t=6-UInDHenIEETDFRQNh36LHZAcqiGW03MfR-BJhl1Wg",
                                        "expiresAt": 1746057600000,
                                        "height": 270
                                    }
                                ],
                                "rootUrl": "https://media.licdn.com/dms/image/v2/D4D16AQFqlcp-i523Vw/profile-displaybackgroundimage-shrink_"
                            }
                        },
                        "publicIdentifier": "maria-alejandra-alex-molina-rodriguez-446653105",
                        "picture": {
                            "com.linkedin.common.VectorImage": {
                                "artifacts": [
                                    {
                                        "width": 100,
                                        "fileIdentifyingUrlPathSegment": "100_100/profile-displayphoto-shrink_100_100/0/1605374145081?e=1746057600&v=beta&t=kcHaTJ_X2oBxq8idLZ19L3_XzFIzzATda7tQHB3Q6QU",
                                        "expiresAt": 1746057600000,
                                        "height": 100
                                    },
                                    {
                                        "width": 200,
                                        "fileIdentifyingUrlPathSegment": "200_200/profile-displayphoto-shrink_200_200/0/1605374145081?e=1746057600&v=beta&t=eqnPI6T2tuWMrczBhfw1RHOP_u2s_F-yAZeMj6fM4kw",
                                        "expiresAt": 1746057600000,
                                        "height": 200
                                    },
                                    {
                                        "width": 400,
                                        "fileIdentifyingUrlPathSegment": "400_400/profile-displayphoto-shrink_400_400/0/1605374145081?e=1746057600&v=beta&t=KM0rkHrfGpvMNt16jW4O1dlvDoYeikDrKg2bZJDj1qs",
                                        "expiresAt": 1746057600000,
                                        "height": 400
                                    },
                                    {
                                        "width": 800,
                                        "fileIdentifyingUrlPathSegment": "800_800/profile-displayphoto-shrink_800_800/0/1605374145081?e=1746057600&v=beta&t=dsSQWe5rk5_nNCnvUIhQe4ZVsW9fH7LQGVQb53C0Kjs",
                                        "expiresAt": 1746057600000,
                                        "height": 800
                                    }
                                ],
                                "rootUrl": "https://media.licdn.com/dms/image/v2/C4E03AQEdFpBElPiZdQ/profile-displayphoto-shrink_"
                            }
                        },
                        "trackingId": "3vVicdMES2iS5vGdOteNGw=="
                    },
                    "profileUrn": "urn:li:fs_miniProfile:ACoAABqdQ7YBAIa1TEERZKTJUS3QSs_GEBFRBjA"
                }
            ]
        },
        {
            "date": {
                "month": 5,
                "year": 2018
            },
            "name": "Seizure Prediction: A Visual Approach",
            "publisher": "2018 IX International Seminar of Biomedical Engineering (SIB)",
            "description": "Activity preceding the onset of epileptic seizures has been an elusive subject for neuroscience research, without a clear grasp of what patterns might be responsible. In this work, we present an out of the box approach to this problem, trying to mimic the visual inspection process that a trained physician might do to locate the beginning of a pre-ictal state in an EEG plot. We explore different data labeling methods for the posterior training of a Convolutional Neural Network, taking into account only visual characteristics for classification. Ten second images (300x400 px) were synthesized from scalp EEG recordings belonging to 10 epileptic patients from the public Physionet CHB-MIT database. A tortuosity measure was taken for each one-second window, for each channel (23 channels in 10-20 bipolar configuration). Unsupervised clustering methods in conjunction with the mean and the standard deviation of the tortuosity sets were used to identify pre-ictal states; interictal states were selected according to the same proximity criteria used for the Kaggles Melbourne University AES/MathWorks/NIH Seizure Prediction Challenge. The proposed labelling method indentified 28 posible pre-ictal states across 10 patients. Data from pre-ictal states and interictal states was used to train, and test, a Convolutional Neural Network classifier for each of the 8 patients selected. A classification accuracy of 99.29% was achieved for the best patient; however, an accuracy of 46.93% was also obtained for the worst patient. Mean performance across patients was 76.03%, a 52.07% improvement over chance.",
            "url": "https://ieeexplore.ieee.org/document/8467725",
            "authors": [
                {
                    "member": {
                        "firstName": "Raul",
                        "lastName": "Molina",
                        "dashEntityUrn": "urn:li:fsd_profile:ACoAACHYtlkBRQgLOg5mzySuXB8_n8cvWfE3X5U",
                        "occupation": "Machine Learning Engineer",
                        "objectUrn": "urn:li:member:567850585",
                        "entityUrn": "urn:li:fs_miniProfile:ACoAACHYtlkBRQgLOg5mzySuXB8_n8cvWfE3X5U",
                        "backgroundImage": {
                            "com.linkedin.common.VectorImage": {
                                "artifacts": [
                                    {
                                        "width": 800,
                                        "fileIdentifyingUrlPathSegment": "200_800/profile-displaybackgroundimage-shrink_200_800/0/1517587889476?e=1746057600&v=beta&t=QmGuPyK5lj-ZZ45B6NqTTZtpYs94BAsMmuwcxFdQJKE",
                                        "expiresAt": 1746057600000,
                                        "height": 200
                                    },
                                    {
                                        "width": 1400,
                                        "fileIdentifyingUrlPathSegment": "350_1400/profile-displaybackgroundimage-shrink_350_1400/0/1517587889216?e=1746057600&v=beta&t=YZp9-IJP6N5Ft-xoxmpiYZkQISOeSiy9zyLh2RpN5wI",
                                        "expiresAt": 1746057600000,
                                        "height": 350
                                    }
                                ],
                                "rootUrl": "https://media.licdn.com/dms/image/v2/C4D16AQHww1vdoxx06w/profile-displaybackgroundimage-shrink_"
                            }
                        },
                        "publicIdentifier": "rsmolina",
                        "picture": {
                            "com.linkedin.common.VectorImage": {
                                "artifacts": [
                                    {
                                        "width": 100,
                                        "fileIdentifyingUrlPathSegment": "100_100/profile-displayphoto-shrink_100_100/0/1645092053907?e=1746057600&v=beta&t=AmoDrVPWU1V0lJKXUsb3YMGuYRXJb49T_BBEYkY68cI",
                                        "expiresAt": 1746057600000,
                                        "height": 100
                                    },
                                    {
                                        "width": 200,
                                        "fileIdentifyingUrlPathSegment": "200_200/profile-displayphoto-shrink_200_200/0/1645092053907?e=1746057600&v=beta&t=53t4vb7p-ROXWkgKmHTik3g-3yDDs7x2h8uoak7L4BI",
                                        "expiresAt": 1746057600000,
                                        "height": 200
                                    },
                                    {
                                        "width": 400,
                                        "fileIdentifyingUrlPathSegment": "400_400/profile-displayphoto-shrink_400_400/0/1645092053907?e=1746057600&v=beta&t=Gu2ZNtCF-A7XxpAURrc33QMudOqjynT7_hsmzLnKBvU",
                                        "expiresAt": 1746057600000,
                                        "height": 400
                                    },
                                    {
                                        "width": 800,
                                        "fileIdentifyingUrlPathSegment": "800_800/profile-displayphoto-shrink_800_800/0/1645092053907?e=1746057600&v=beta&t=WealosaWvNqpijEf9dduVO_AieAOCBuFFuSgtGG3HCk",
                                        "expiresAt": 1746057600000,
                                        "height": 800
                                    }
                                ],
                                "rootUrl": "https://media.licdn.com/dms/image/v2/C5603AQG1tS98HkH5-Q/profile-displayphoto-shrink_"
                            }
                        },
                        "trackingId": "q5KIKXrJSKuxDtbOpUMbRw=="
                    },
                    "profileUrn": "urn:li:fs_miniProfile:ACoAACHYtlkBRQgLOg5mzySuXB8_n8cvWfE3X5U"
                },
                {
                    "member": {
                        "firstName": "Andres",
                        "lastName": "Hernández Infante",
                        "dashEntityUrn": "urn:li:fsd_profile:ACoAAB7okq4BsUiD4K51VA-lLaqvbasjsvoDs18",
                        "occupation": "Digital Transformation | Innovation | Proptech | Blockchain",
                        "objectUrn": "urn:li:member:518558382",
                        "entityUrn": "urn:li:fs_miniProfile:ACoAAB7okq4BsUiD4K51VA-lLaqvbasjsvoDs18",
                        "backgroundImage": {
                            "com.linkedin.common.VectorImage": {
                                "artifacts": [
                                    {
                                        "width": 800,
                                        "fileIdentifyingUrlPathSegment": "200_800/profile-displaybackgroundimage-shrink_200_800/0/1565155180486?e=1746057600&v=beta&t=94mcsqxW62hu54BDR3CVbYVUSvWzYXWiwqy0ysAV7NQ",
                                        "expiresAt": 1746057600000,
                                        "height": 200
                                    },
                                    {
                                        "width": 1400,
                                        "fileIdentifyingUrlPathSegment": "350_1400/profile-displaybackgroundimage-shrink_350_1400/0/1565155180552?e=1746057600&v=beta&t=VZleuj2iAhQCoMO_tFDR_3DF2W3gMynmbkC8fKeKGyc",
                                        "expiresAt": 1746057600000,
                                        "height": 350
                                    }
                                ],
                                "rootUrl": "https://media.licdn.com/dms/image/v2/C4E16AQFag7d30q4yNA/profile-displaybackgroundimage-shrink_"
                            }
                        },
                        "publicIdentifier": "andreshernandezinfante",
                        "trackingId": "PO8HGYZPQ4avl7kzxUFZLw=="
                    },
                    "profileUrn": "urn:li:fs_miniProfile:ACoAAB7okq4BsUiD4K51VA-lLaqvbasjsvoDs18"
                },
                {
                    "name": "Mario Valderrama"
                }
            ]
        }
    ],
    "certifications": [],
    "volunteer": [],
    "honors": [
        {
            "description": "For the project YOBO: You Only Build Once, an online tool that streamlines the process of converting ideas into reality. \n\nhttps://scale.com/blog/generative-ai-hackathon-2",
            "title": "First Prize: Generative AI Hackathon",
            "issueDate": {
                "month": 7,
                "year": 2023
            },
            "issuer": "Scale AI"
        },
        {
            "description": "For the work presented in the XXVIII Colombian Congress of Cardiology and Cardiovascular Surgery",
            "occupation": "urn:li:fs_position:(ACoAACHYtlkBRQgLOg5mzySuXB8_n8cvWfE3X5U,1414751686)",
            "title": "Premio Ramón Atalaya",
            "issueDate": {
                "month": 3,
                "year": 2020
            },
            "issuer": "Colombian Society of Cardiology and Cardiovascular Surgery"
        },
        {
            "description": "3rd place in State Exams for Biomedical Engineering",
            "occupation": "urn:li:fs_education:(ACoAACHYtlkBRQgLOg5mzySuXB8_n8cvWfE3X5U,408817668)",
            "title": "Noche de Los Mejores",
            "issueDate": {
                "month": 11,
                "year": 2019
            },
            "issuer": "The Ministry of National Education (Ministerio de Educación Nacional)"
        },
        {
            "description": "Fellowship for Advanced Master's Degree Program at KU Leuven",
            "title": "Colfuturo Fellowship",
            "issueDate": {
                "month": 1,
                "year": 2019
            },
            "issuer": "Foundation for the Future of Colombia - COLFUTURO"
        },
        {
            "description": "(XIX Premio Internacional de Investigación en Ciencias de la Salud Juan Jacobo Muñoz)",
            "title": "XIX  International Prize for Research in the Health Sciences 'Juan Jacobo Muñoz' ",
            "issueDate": {
                "month": 11,
                "year": 2018
            },
            "issuer": "Fundación Universitaria Sanitas"
        },
        {
            "description": "Top 100th percentile in State Exams for High School Education",
            "title": "Best Saber 11",
            "issueDate": {
                "month": 12,
                "year": 2014
            },
            "issuer": "The Ministry of National Education (Ministerio de Educación Nacional)"
        }
    ],
    "projects": [],
    "skills": [
        {
            "name": "Large Language Models (LLM)"
        },
        {
            "name": "Protein Design"
        },
        {
            "name": "Python"
        },
        {
            "name": "Machine Learning",
            "standardizedSkillUrn": "urn:li:fs_miniSkill:3289",
            "standardizedSkill": {
                "name": "Machine Learning",
                "entityUrn": "urn:li:fs_miniSkill:3289"
            }
        }
    ],
    "urn_id": "ACoAACHYtlkBRQgLOg5mzySuXB8_n8cvWfE3X5U"
}