{
    "summary": "I’m an experienced data scientist with almost a decade of work in both industry and academia, using data to solve real-world problems and help businesses make better decisions. I specialize in analyzing data, building predictive models, and applying machine learning to create insights that improve performance.\n\nI have successfully led projects and teams, turning complex data into easy-to-understand information that executives and non-technical people can act on. My work has spanned industries like energy, retail, and public policy, where I've driven initiatives that led to significant improvements.\n\nI’m passionate about working collaboratively and communicating technical information clearly. If you’re looking for a data professional who can blend academic knowledge with practical experience to create results, let’s connect!",
    "industryName": "Apparel & Fashion",
    "lastName": "Ramirez",
    "locationName": "United States",
    "student": false,
    "geoCountryName": "United States",
    "geoCountryUrn": "urn:li:fs_geo:103644278",
    "geoLocationBackfilled": false,
    "elt": false,
    "birthDate": {
        "month": 7,
        "day": 16
    },
    "industryUrn": "urn:li:fs_industry:19",
    "firstName": "Felipe",
    "entityUrn": "urn:li:fs_profile:ACoAABeQB08BcbXoxzMyLPhWHK0Lv-TBCW49mfo",
    "geoLocation": {
        "geoUrn": "urn:li:fs_geo:103918656"
    },
    "geoLocationName": "San Diego, California",
    "location": {
        "basicLocation": {
            "countryCode": "us"
        }
    },
    "headline": "Machine Learning Manager @ Tailored Brands, Inc. | PhD",
    "displayPictureUrl": "https://media.licdn.com/dms/image/v2/D5603AQG4iolvxUkwZQ/profile-displayphoto-shrink_",
    "img_100_100": "100_100/profile-displayphoto-shrink_100_100/0/1696098856746?e=1746057600&v=beta&t=w2SWM5jSsYdPU5-p-eBGdCFTBSSE9Ff2r0aW4touCww",
    "img_200_200": "200_200/profile-displayphoto-shrink_200_200/0/1696098856746?e=1746057600&v=beta&t=FXmYLrXYxEx76JRG6-KC44ZKs2p88ZyY4JQCOXW9EAk",
    "img_400_400": "400_400/profile-displayphoto-shrink_400_400/0/1696098856746?e=1746057600&v=beta&t=a2A8-r0PQagd-pF6lo_SYF4gEKc8jK25hlhVcv-uVsc",
    "img_612_612": "800_800/profile-displayphoto-shrink_800_800/0/1696098856746?e=1746057600&v=beta&t=yj_Rp48TNheyaoMDAuTQDy3ZetcWe5lncRXsyNdyls8",
    "profile_id": "ACoAABeQB08BcbXoxzMyLPhWHK0Lv-TBCW49mfo",
    "profile_urn": "urn:li:fs_miniProfile:ACoAABeQB08BcbXoxzMyLPhWHK0Lv-TBCW49mfo",
    "member_urn": "urn:li:member:395315023",
    "public_id": "afeliperamirez",
    "experience": [
        {
            "locationName": "San Diego, California, United States",
            "entityUrn": "urn:li:fs_position:(ACoAABeQB08BcbXoxzMyLPhWHK0Lv-TBCW49mfo,2329204618)",
            "geoLocationName": "San Diego, California, United States",
            "geoUrn": "urn:li:fs_geo:103918656",
            "companyName": "Tailored Brands, Inc.",
            "timePeriod": {
                "startDate": {
                    "month": 1,
                    "year": 2024
                }
            },
            "company": {
                "employeeCountRange": {
                    "start": 10001
                },
                "industries": [
                    "Apparel & Fashion"
                ]
            },
            "title": "Machine Learning Manager",
            "region": "urn:li:fs_region:(us,0)",
            "companyUrn": "urn:li:fs_miniCompany:7598403",
            "companyLogoUrl": "https://media.licdn.com/dms/image/v2/C4D0BAQHYbCBBBSIiOA/company-logo_"
        },
        {
            "locationName": "San Diego, California, United States",
            "geoUrn": "urn:li:fs_geo:103918656",
            "companyName": "Lehigh University",
            "description": "Conducted risk assessment and scoring of NY ISO energy generators, including assessing the variability of renewable energy sources and emissions constraints in the system's operation, for the Advanced Research Projects Agency-Energy (ARPA-E).\n\nThis involved evaluating the potential risks and challenges that various energy generators, particularly those utilizing renewable energy sources, may face in their integration and operation within the NY ISO grid. This required a deep understanding of the technical and regulatory aspects of renewable energy and its integration into existing energy systems. Additionally, I evaluated the emissions constraints and regulations to further improve the reach of the project\n\nThe assessment also required the use of data analysis, optimization techniques, software development, and modeling techniques to simulate and predict the performance and potential issues of different energy generators under different conditions. The results were used to provide recommendations to ARPA-E on the potential risks and opportunities for the integration of renewable energy sources in the NY ISO grid. This role required a strong understanding of energy systems and regulations, as well as experience with data analysis, optimization, software development, and modeling.",
            "title": "Postdoctoral Scientist",
            "companyUrn": "urn:li:fs_miniCompany:164707",
            "entityUrn": "urn:li:fs_position:(ACoAABeQB08BcbXoxzMyLPhWHK0Lv-TBCW49mfo,1925970334)",
            "geoLocationName": "San Diego, California, United States",
            "timePeriod": {
                "endDate": {
                    "month": 3,
                    "year": 2024
                },
                "startDate": {
                    "month": 3,
                    "year": 2022
                }
            },
            "organizations": [
                "urn:li:fs_organization:(ACoAABeQB08BcbXoxzMyLPhWHK0Lv-TBCW49mfo,1879607380)",
                "urn:li:fs_organization:(ACoAABeQB08BcbXoxzMyLPhWHK0Lv-TBCW49mfo,1549666338)"
            ],
            "company": {
                "employeeCountRange": {
                    "start": 1001,
                    "end": 5000
                },
                "industries": [
                    "Higher Education"
                ]
            },
            "region": "urn:li:fs_region:(us,0)",
            "companyLogoUrl": "https://media.licdn.com/dms/image/v2/D4E0BAQHmhyMQACBQTQ/company-logo_"
        },
        {
            "locationName": "San Diego, California, United States",
            "entityUrn": "urn:li:fs_position:(ACoAABeQB08BcbXoxzMyLPhWHK0Lv-TBCW49mfo,1945458682)",
            "geoLocationName": "San Diego, California, United States",
            "geoUrn": "urn:li:fs_geo:103918656",
            "companyName": "Tailored Brands, Inc.",
            "timePeriod": {
                "endDate": {
                    "month": 2,
                    "year": 2024
                },
                "startDate": {
                    "month": 3,
                    "year": 2022
                }
            },
            "description": "-Led the company's Labor Hour Optimization project creating a detailed mapping of the effect of the results in the company KPIs and creating levers to control the optimization towards the company objectives. \n\n-Led the company's sales risk management for macroeconomic scenarios in uncertain conditions. This involved identifying potential risks to the company's sales performance, such as changes in market conditions or shifts in consumer behavior, and developing strategies to mitigate those risks.\n\n-Developed the company's discount marketing targeting strategy and policy. This involved analyzing customer data and market trends to identify the most effective ways to target discounts and promotions to specific segments of customers. \n\n-Conducted sentiment analysis on the industry perspective of the economy and the status quo of the company. This involved using natural language processing techniques to analyze large amounts of data from news articles, and other sources to understand how industry experts and analysts were perceiving the economy and its potential impact on the company's operations. \n\n-Utilized machine learning methods for conversion rate optimization and analytics. This involved using techniques such as regression analysis, decision trees, and neural networks to analyze customer data and predict which actions are most likely to lead to conversions (such as sales or sign-ups).",
            "company": {
                "employeeCountRange": {
                    "start": 10001
                },
                "industries": [
                    "Apparel & Fashion"
                ]
            },
            "title": "Senior Data Scientist",
            "region": "urn:li:fs_region:(us,0)",
            "companyUrn": "urn:li:fs_miniCompany:7598403",
            "companyLogoUrl": "https://media.licdn.com/dms/image/v2/C4D0BAQHYbCBBBSIiOA/company-logo_"
        },
        {
            "locationName": "Bogotá D.C., Colombia",
            "geoUrn": "urn:li:fs_geo:102361989",
            "companyName": "Universidad de Los Andes",
            "description": "-Research project (RP): Simulation of photo-voltaic power generation using copula autoregressive models for solar irradiance and air temperature time series: Proposed a new methodology for simulating weather-related variables and renewable energy production. outcome: Published paper \n \n-RP: Virtual Power Plant Day Ahead Energy Unit Commitment: Applied Deep reinforcement learning to assess the optimal day-ahead unit commitment problem using copula-autoregressive simulation strategies. outcome: Published paper\n\n-RP: Stochastic multi-objective optimal virtual power plant design and carbon tax sensibility analysis: Proposed a new methodology for estimating the carbon tax effect on efficient virtual power plant configurations. outcome: Under-review paper \n\n-RP: Stochastic cost-benefit analysis to assess new infrastructure to improve the reliability of the natural gas supply: Analysis of new natural gas infrastructure for Colombia. outcome: Published paper",
            "title": "Doctoral Scientist / Assistant Professor ",
            "companyUrn": "urn:li:fs_miniCompany:12422",
            "entityUrn": "urn:li:fs_position:(ACoAABeQB08BcbXoxzMyLPhWHK0Lv-TBCW49mfo,1342159584)",
            "geoLocationName": "Bogotá D.C., Colombia",
            "timePeriod": {
                "endDate": {
                    "month": 2,
                    "year": 2022
                },
                "startDate": {
                    "month": 6,
                    "year": 2018
                }
            },
            "organizations": [
                "urn:li:fs_organization:(ACoAABeQB08BcbXoxzMyLPhWHK0Lv-TBCW49mfo,1343404192)"
            ],
            "company": {
                "employeeCountRange": {
                    "start": 1001,
                    "end": 5000
                },
                "industries": [
                    "Higher Education"
                ]
            },
            "region": "urn:li:fs_region:(co,9549)",
            "companyLogoUrl": "https://media.licdn.com/dms/image/v2/D4E0BAQE55XiklshQFQ/company-logo_"
        },
        {
            "locationName": "New York, New York, United States",
            "entityUrn": "urn:li:fs_position:(ACoAABeQB08BcbXoxzMyLPhWHK0Lv-TBCW49mfo,1659504520)",
            "geoLocationName": "New York, New York, United States",
            "geoUrn": "urn:li:fs_geo:102571732",
            "companyName": "Correlation One",
            "timePeriod": {
                "endDate": {
                    "month": 12,
                    "year": 2021
                },
                "startDate": {
                    "month": 8,
                    "year": 2020
                }
            },
            "description": "-Research project (RP): Statistical model and follow-up application for the evaluation control and improvement of the Colombian criminal Policy and re-socialization system. outcome: Ministry of Justice Analysis Decision Tool\n\n-RP: Statistical model and follow-up application for the evaluation control and improvement of the Colombian children malnutrition policies, based on children measurements and health indexes outcome: Ministry of Health Analysis tool",
            "company": {
                "employeeCountRange": {
                    "start": 51,
                    "end": 200
                },
                "industries": [
                    "Professional Training & Coaching"
                ]
            },
            "title": "Data Scientist",
            "region": "urn:li:fs_region:(us,0)",
            "companyUrn": "urn:li:fs_miniCompany:6609672",
            "companyLogoUrl": "https://media.licdn.com/dms/image/v2/C4D0BAQEO9t_zG4nbkw/company-logo_"
        }
    ],
    "education": [
        {
            "entityUrn": "urn:li:fs_education:(ACoAABeQB08BcbXoxzMyLPhWHK0Lv-TBCW49mfo,717056501)",
            "school": {
                "objectUrn": "urn:li:school:19276",
                "entityUrn": "urn:li:fs_miniSchool:19276",
                "active": true,
                "schoolName": "Lehigh University",
                "trackingId": "tvEOVx4wRoaRnO9NoL+9lA==",
                "logoUrl": "https://media.licdn.com/dms/image/v2/D4E0BAQHmhyMQACBQTQ/company-logo_"
            },
            "timePeriod": {
                "startDate": {
                    "month": 4,
                    "year": 2022
                }
            },
            "fieldOfStudyUrn": "urn:li:fs_fieldOfStudy:100572",
            "degreeName": "Postdoctoral Scientist",
            "schoolName": "Lehigh University",
            "fieldOfStudy": "Energy, Environment, and Natural Resources Law",
            "schoolUrn": "urn:li:fs_miniSchool:19276"
        },
        {
            "entityUrn": "urn:li:fs_education:(ACoAABeQB08BcbXoxzMyLPhWHK0Lv-TBCW49mfo,640000540)",
            "school": {
                "objectUrn": "urn:li:school:11581",
                "entityUrn": "urn:li:fs_miniSchool:11581",
                "active": true,
                "schoolName": "Universidad de Los Andes",
                "trackingId": "c1DycsXQTtKDxVCaBAgbAA==",
                "logoUrl": "https://media.licdn.com/dms/image/v2/D4E0BAQE55XiklshQFQ/company-logo_"
            },
            "activities": "COPA (Center for the Optimization and applied probability)",
            "timePeriod": {
                "endDate": {
                    "month": 2,
                    "year": 2022
                },
                "startDate": {
                    "year": 2018
                }
            },
            "degreeName": "PhD",
            "schoolName": "Universidad de Los Andes",
            "fieldOfStudy": "Data Science - Operations Research",
            "honors": [
                "urn:li:fs_honor:(ACoAABeQB08BcbXoxzMyLPhWHK0Lv-TBCW49mfo,1616680657)"
            ],
            "schoolUrn": "urn:li:fs_miniSchool:11581"
        },
        {
            "entityUrn": "urn:li:fs_education:(ACoAABeQB08BcbXoxzMyLPhWHK0Lv-TBCW49mfo,404963862)",
            "school": {
                "objectUrn": "urn:li:school:11581",
                "entityUrn": "urn:li:fs_miniSchool:11581",
                "active": true,
                "schoolName": "Universidad de Los Andes",
                "trackingId": "TaXKhYjcSdmChG5JP+HNAA==",
                "logoUrl": "https://media.licdn.com/dms/image/v2/D4E0BAQE55XiklshQFQ/company-logo_"
            },
            "activities": "COPA (Center for the Optimization and applied probability)",
            "timePeriod": {
                "endDate": {
                    "year": 2018
                },
                "startDate": {
                    "year": 2016
                }
            },
            "degreeName": "MSc",
            "schoolName": "Universidad de Los Andes",
            "fieldOfStudy": "Industrial engineering",
            "honors": [
                "urn:li:fs_honor:(ACoAABeQB08BcbXoxzMyLPhWHK0Lv-TBCW49mfo,1616454644)"
            ],
            "schoolUrn": "urn:li:fs_miniSchool:11581"
        }
    ],
    "languages": [
        {
            "name": "English",
            "proficiency": "FULL_PROFESSIONAL"
        },
        {
            "name": "Portuguese",
            "proficiency": "LIMITED_WORKING"
        },
        {
            "name": "Spanish",
            "proficiency": "NATIVE_OR_BILINGUAL"
        }
    ],
    "publications": [
        {
            "date": {
                "month": 2,
                "year": 2022,
                "day": 9
            },
            "name": "Stochastic cost-benefit analysis to assess new infrastructure to improve the reliability of the natural gas supply",
            "publisher": "Energy",
            "description": "The reliability of a natural gas system involves the capacity of the supply, transportation, storage, and distribution system to provide service without short-term interruptions in the event of contingencies. Typically, increasing the gas supply reliability implies diversification of gas sources, transportation redundancies or larger gas storage capabilities. In addition, the combined operative uncertainty of the transportation pipeline and gas supply are not considered when assessing the impact of new infrastructure seeking to increase the gas supply reliability. To overcome these deficiencies, we propose: (i) a stochastic cost-benefit analysis; (ii) a pipeline contingency model using topographical, societal (violence) and pipeline information; and (iii) a supply contingency model of scheduled and unscheduled maintenance. Moreover, we consider both the gas supply and transportation uncertainties using a Monte Carlo simulation and an optimization model; furthermore, the expected cost-benefit is estimated. Our methodology is applied and calibrated to the Colombian natural gas system to estimate the expected cost-benefit of a new pipeline: Jobo - Medellín. The results show that the expected benefit-cost ratio (BCR) of this pipeline is 2.02 and that the probability of having an economic benefit greater than the cost is equal to 99.0%.",
            "url": "https://www.sciencedirect.com/science/article/pii/S0360544222003243?via%3Dihub",
            "authors": [
                {
                    "member": {
                        "firstName": "Felipe",
                        "lastName": "Ramirez",
                        "dashEntityUrn": "urn:li:fsd_profile:ACoAABeQB08BcbXoxzMyLPhWHK0Lv-TBCW49mfo",
                        "occupation": "Machine Learning Manager @ Tailored Brands, Inc. | PhD",
                        "objectUrn": "urn:li:member:395315023",
                        "entityUrn": "urn:li:fs_miniProfile:ACoAABeQB08BcbXoxzMyLPhWHK0Lv-TBCW49mfo",
                        "backgroundImage": {
                            "com.linkedin.common.VectorImage": {
                                "artifacts": [
                                    {
                                        "width": 800,
                                        "fileIdentifyingUrlPathSegment": "200_800/profile-displaybackgroundimage-shrink_200_800/0/1729290625560?e=1746057600&v=beta&t=n1e0t9R77QEy6mDkRz-uUkijapim2_Nudt9ka0CRHr0",
                                        "expiresAt": 1746057600000,
                                        "height": 199
                                    },
                                    {
                                        "width": 1400,
                                        "fileIdentifyingUrlPathSegment": "350_1400/profile-displaybackgroundimage-shrink_350_1400/0/1729290625560?e=1746057600&v=beta&t=e81cwyH6JybX8KVi5sqG_LbMuAcpb7cPZe19YI0XL_E",
                                        "expiresAt": 1746057600000,
                                        "height": 349
                                    }
                                ],
                                "rootUrl": "https://media.licdn.com/dms/image/v2/D5616AQGut0SzUCYqDA/profile-displaybackgroundimage-shrink_"
                            }
                        },
                        "publicIdentifier": "afeliperamirez",
                        "picture": {
                            "com.linkedin.common.VectorImage": {
                                "artifacts": [
                                    {
                                        "width": 100,
                                        "fileIdentifyingUrlPathSegment": "100_100/profile-displayphoto-shrink_100_100/0/1696098856746?e=1746057600&v=beta&t=w2SWM5jSsYdPU5-p-eBGdCFTBSSE9Ff2r0aW4touCww",
                                        "expiresAt": 1746057600000,
                                        "height": 100
                                    },
                                    {
                                        "width": 200,
                                        "fileIdentifyingUrlPathSegment": "200_200/profile-displayphoto-shrink_200_200/0/1696098856746?e=1746057600&v=beta&t=FXmYLrXYxEx76JRG6-KC44ZKs2p88ZyY4JQCOXW9EAk",
                                        "expiresAt": 1746057600000,
                                        "height": 200
                                    },
                                    {
                                        "width": 400,
                                        "fileIdentifyingUrlPathSegment": "400_400/profile-displayphoto-shrink_400_400/0/1696098856746?e=1746057600&v=beta&t=a2A8-r0PQagd-pF6lo_SYF4gEKc8jK25hlhVcv-uVsc",
                                        "expiresAt": 1746057600000,
                                        "height": 400
                                    },
                                    {
                                        "width": 612,
                                        "fileIdentifyingUrlPathSegment": "800_800/profile-displayphoto-shrink_800_800/0/1696098856746?e=1746057600&v=beta&t=yj_Rp48TNheyaoMDAuTQDy3ZetcWe5lncRXsyNdyls8",
                                        "expiresAt": 1746057600000,
                                        "height": 612
                                    }
                                ],
                                "rootUrl": "https://media.licdn.com/dms/image/v2/D5603AQG4iolvxUkwZQ/profile-displayphoto-shrink_"
                            }
                        },
                        "trackingId": "lZSPg6KfQsuctzbtRCk14A=="
                    },
                    "profileUrn": "urn:li:fs_miniProfile:ACoAABeQB08BcbXoxzMyLPhWHK0Lv-TBCW49mfo"
                },
                {
                    "member": {
                        "firstName": "Sergio",
                        "lastName": "Cabrales",
                        "dashEntityUrn": "urn:li:fsd_profile:ACoAAAQUDS0BpY6fZ75-tsKu15bytNl0lDJSG4g",
                        "occupation": "Associate Professor at Universidad de Los Andes",
                        "objectUrn": "urn:li:member:68422957",
                        "entityUrn": "urn:li:fs_miniProfile:ACoAAAQUDS0BpY6fZ75-tsKu15bytNl0lDJSG4g",
                        "backgroundImage": {
                            "com.linkedin.common.VectorImage": {
                                "artifacts": [
                                    {
                                        "width": 798,
                                        "fileIdentifyingUrlPathSegment": "200_800/profile-displaybackgroundimage-shrink_200_800/0/1723674903821?e=1746057600&v=beta&t=jZ2MAZcfbZgWulBK-0cCPw6DYul4gpVwGh8_0pdQb1A",
                                        "expiresAt": 1746057600000,
                                        "height": 200
                                    },
                                    {
                                        "width": 1398,
                                        "fileIdentifyingUrlPathSegment": "350_1400/profile-displaybackgroundimage-shrink_350_1400/0/1723674903821?e=1746057600&v=beta&t=j7YXxqSorKcBwjnpJlfZdX1X2EOEpdckODrmKaxRNe4",
                                        "expiresAt": 1746057600000,
                                        "height": 350
                                    }
                                ],
                                "rootUrl": "https://media.licdn.com/dms/image/v2/D4E16AQFiABHMhfo7ZA/profile-displaybackgroundimage-shrink_"
                            }
                        },
                        "publicIdentifier": "sac2",
                        "picture": {
                            "com.linkedin.common.VectorImage": {
                                "artifacts": [
                                    {
                                        "width": 100,
                                        "fileIdentifyingUrlPathSegment": "100_100/profile-displayphoto-shrink_100_100/0/1635967029974?e=1746057600&v=beta&t=NxZR3tHAmsPHPoBYz8Hq6rSr1BgwdEn5Qezt2TQldmE",
                                        "expiresAt": 1746057600000,
                                        "height": 100
                                    },
                                    {
                                        "width": 200,
                                        "fileIdentifyingUrlPathSegment": "200_200/profile-displayphoto-shrink_200_200/0/1635967029974?e=1746057600&v=beta&t=0-R06GXcKrV2lnaCicVajze9QGKbFddwV3QG0NweR84",
                                        "expiresAt": 1746057600000,
                                        "height": 200
                                    },
                                    {
                                        "width": 400,
                                        "fileIdentifyingUrlPathSegment": "400_400/profile-displayphoto-shrink_400_400/0/1635967029974?e=1746057600&v=beta&t=YcXSEp4pw-A1SuTYe5Ah_u7k4bf9SuL5msFb_ncsuSE",
                                        "expiresAt": 1746057600000,
                                        "height": 400
                                    },
                                    {
                                        "width": 401,
                                        "fileIdentifyingUrlPathSegment": "800_800/profile-displayphoto-shrink_800_800/0/1635967029974?e=1746057600&v=beta&t=mQVtAqs5R4PXEHOEZZ6kESvZgb6MFgcc3NibcOruMD8",
                                        "expiresAt": 1746057600000,
                                        "height": 401
                                    }
                                ],
                                "rootUrl": "https://media.licdn.com/dms/image/v2/C4E03AQEpWgTLiSpwIw/profile-displayphoto-shrink_"
                            }
                        },
                        "trackingId": "nsr8cO+cSrmOfVmoMfljtQ=="
                    },
                    "profileUrn": "urn:li:fs_miniProfile:ACoAAAQUDS0BpY6fZ75-tsKu15bytNl0lDJSG4g"
                }
            ]
        },
        {
            "date": {
                "month": 1,
                "year": 2022,
                "day": 1
            },
            "name": "Virtual Power Plant Day Ahead Energy Unit Commitment",
            "publisher": "Hawaii International Conference on System Sciences",
            "description": "In this article, we present a model for the interaction of distributed energy resources (DER) with\nthe electricity system, using reinforcement learning. Our method relaxes the requirements for information necessary to train and engage in Pareto improving trading, and can directly incorporate the inherent intermittency of variable renewable energy sources. The distributed resources include consumers of electricity, energy storage systems, and variable renewable energy. We modify the algorithms to improve the scheduling of the resources. In our empirical application, we use data\nfrom Colombia subject to large variability due to El Niño Southern Oscillation and illustrate the use of the model under large variations in the data used to train the model.",
            "url": "http://hdl.handle.net/10125/79756",
            "authors": [
                {
                    "member": {
                        "firstName": "Felipe",
                        "lastName": "Ramirez",
                        "dashEntityUrn": "urn:li:fsd_profile:ACoAABeQB08BcbXoxzMyLPhWHK0Lv-TBCW49mfo",
                        "occupation": "Machine Learning Manager @ Tailored Brands, Inc. | PhD",
                        "objectUrn": "urn:li:member:395315023",
                        "entityUrn": "urn:li:fs_miniProfile:ACoAABeQB08BcbXoxzMyLPhWHK0Lv-TBCW49mfo",
                        "backgroundImage": {
                            "com.linkedin.common.VectorImage": {
                                "artifacts": [
                                    {
                                        "width": 800,
                                        "fileIdentifyingUrlPathSegment": "200_800/profile-displaybackgroundimage-shrink_200_800/0/1729290625560?e=1746057600&v=beta&t=n1e0t9R77QEy6mDkRz-uUkijapim2_Nudt9ka0CRHr0",
                                        "expiresAt": 1746057600000,
                                        "height": 199
                                    },
                                    {
                                        "width": 1400,
                                        "fileIdentifyingUrlPathSegment": "350_1400/profile-displaybackgroundimage-shrink_350_1400/0/1729290625560?e=1746057600&v=beta&t=e81cwyH6JybX8KVi5sqG_LbMuAcpb7cPZe19YI0XL_E",
                                        "expiresAt": 1746057600000,
                                        "height": 349
                                    }
                                ],
                                "rootUrl": "https://media.licdn.com/dms/image/v2/D5616AQGut0SzUCYqDA/profile-displaybackgroundimage-shrink_"
                            }
                        },
                        "publicIdentifier": "afeliperamirez",
                        "picture": {
                            "com.linkedin.common.VectorImage": {
                                "artifacts": [
                                    {
                                        "width": 100,
                                        "fileIdentifyingUrlPathSegment": "100_100/profile-displayphoto-shrink_100_100/0/1696098856746?e=1746057600&v=beta&t=w2SWM5jSsYdPU5-p-eBGdCFTBSSE9Ff2r0aW4touCww",
                                        "expiresAt": 1746057600000,
                                        "height": 100
                                    },
                                    {
                                        "width": 200,
                                        "fileIdentifyingUrlPathSegment": "200_200/profile-displayphoto-shrink_200_200/0/1696098856746?e=1746057600&v=beta&t=FXmYLrXYxEx76JRG6-KC44ZKs2p88ZyY4JQCOXW9EAk",
                                        "expiresAt": 1746057600000,
                                        "height": 200
                                    },
                                    {
                                        "width": 400,
                                        "fileIdentifyingUrlPathSegment": "400_400/profile-displayphoto-shrink_400_400/0/1696098856746?e=1746057600&v=beta&t=a2A8-r0PQagd-pF6lo_SYF4gEKc8jK25hlhVcv-uVsc",
                                        "expiresAt": 1746057600000,
                                        "height": 400
                                    },
                                    {
                                        "width": 612,
                                        "fileIdentifyingUrlPathSegment": "800_800/profile-displayphoto-shrink_800_800/0/1696098856746?e=1746057600&v=beta&t=yj_Rp48TNheyaoMDAuTQDy3ZetcWe5lncRXsyNdyls8",
                                        "expiresAt": 1746057600000,
                                        "height": 612
                                    }
                                ],
                                "rootUrl": "https://media.licdn.com/dms/image/v2/D5603AQG4iolvxUkwZQ/profile-displayphoto-shrink_"
                            }
                        },
                        "trackingId": "lZSPg6KfQsuctzbtRCk14A=="
                    },
                    "profileUrn": "urn:li:fs_miniProfile:ACoAABeQB08BcbXoxzMyLPhWHK0Lv-TBCW49mfo"
                }
            ]
        },
        {
            "date": {
                "month": 5,
                "year": 2021,
                "day": 1
            },
            "name": "simulation of photo-voltaic power generation using copula autoregressive models for solar irradiance and air temperature time series",
            "publisher": "Renewable energy",
            "description": "We propose a methodology for synthetic generation of solar irradiance (shortwave flux) and air temperature time series using copula functions. The use of copulas for the simulation gives flexibility to represent the serial stochastic variability of the solar irradiation and the air temperature affecting the photo-voltaic (PV) panel energy output. Moreover, it allows to have more control on the desired properties of the time series, not only in the temporal and cross-dependencies, but also in the marginal distributions. We use mixtures of zero mass adjusted density distributions to assess the nature of solar irradiance, alongside vector generalized linear models for the bivariate time series time marginal distributions. We found that the copula autoregressive methodology used, including the zero mass characteristics of the solar irradiance time series, accurately models the stochastic phenomena. Experimental analysis with observed data substantiates the usage and convenience of the proposed methodology to model solar irradiance time series and solar energy across the northern hemisphere, southern hemisphere and equatorial zones. These results will improve the understanding of the fluctuating nature of solar irradiance and also help to understand the underlying stochastic process of photo-voltaic energy production.",
            "url": "https://doi.org/10.1016/j.renene.2021.04.115",
            "authors": [
                {
                    "member": {
                        "firstName": "Felipe",
                        "lastName": "Ramirez",
                        "dashEntityUrn": "urn:li:fsd_profile:ACoAABeQB08BcbXoxzMyLPhWHK0Lv-TBCW49mfo",
                        "occupation": "Machine Learning Manager @ Tailored Brands, Inc. | PhD",
                        "objectUrn": "urn:li:member:395315023",
                        "entityUrn": "urn:li:fs_miniProfile:ACoAABeQB08BcbXoxzMyLPhWHK0Lv-TBCW49mfo",
                        "backgroundImage": {
                            "com.linkedin.common.VectorImage": {
                                "artifacts": [
                                    {
                                        "width": 800,
                                        "fileIdentifyingUrlPathSegment": "200_800/profile-displaybackgroundimage-shrink_200_800/0/1729290625560?e=1746057600&v=beta&t=n1e0t9R77QEy6mDkRz-uUkijapim2_Nudt9ka0CRHr0",
                                        "expiresAt": 1746057600000,
                                        "height": 199
                                    },
                                    {
                                        "width": 1400,
                                        "fileIdentifyingUrlPathSegment": "350_1400/profile-displaybackgroundimage-shrink_350_1400/0/1729290625560?e=1746057600&v=beta&t=e81cwyH6JybX8KVi5sqG_LbMuAcpb7cPZe19YI0XL_E",
                                        "expiresAt": 1746057600000,
                                        "height": 349
                                    }
                                ],
                                "rootUrl": "https://media.licdn.com/dms/image/v2/D5616AQGut0SzUCYqDA/profile-displaybackgroundimage-shrink_"
                            }
                        },
                        "publicIdentifier": "afeliperamirez",
                        "picture": {
                            "com.linkedin.common.VectorImage": {
                                "artifacts": [
                                    {
                                        "width": 100,
                                        "fileIdentifyingUrlPathSegment": "100_100/profile-displayphoto-shrink_100_100/0/1696098856746?e=1746057600&v=beta&t=w2SWM5jSsYdPU5-p-eBGdCFTBSSE9Ff2r0aW4touCww",
                                        "expiresAt": 1746057600000,
                                        "height": 100
                                    },
                                    {
                                        "width": 200,
                                        "fileIdentifyingUrlPathSegment": "200_200/profile-displayphoto-shrink_200_200/0/1696098856746?e=1746057600&v=beta&t=FXmYLrXYxEx76JRG6-KC44ZKs2p88ZyY4JQCOXW9EAk",
                                        "expiresAt": 1746057600000,
                                        "height": 200
                                    },
                                    {
                                        "width": 400,
                                        "fileIdentifyingUrlPathSegment": "400_400/profile-displayphoto-shrink_400_400/0/1696098856746?e=1746057600&v=beta&t=a2A8-r0PQagd-pF6lo_SYF4gEKc8jK25hlhVcv-uVsc",
                                        "expiresAt": 1746057600000,
                                        "height": 400
                                    },
                                    {
                                        "width": 612,
                                        "fileIdentifyingUrlPathSegment": "800_800/profile-displayphoto-shrink_800_800/0/1696098856746?e=1746057600&v=beta&t=yj_Rp48TNheyaoMDAuTQDy3ZetcWe5lncRXsyNdyls8",
                                        "expiresAt": 1746057600000,
                                        "height": 612
                                    }
                                ],
                                "rootUrl": "https://media.licdn.com/dms/image/v2/D5603AQG4iolvxUkwZQ/profile-displayphoto-shrink_"
                            }
                        },
                        "trackingId": "lZSPg6KfQsuctzbtRCk14A=="
                    },
                    "profileUrn": "urn:li:fs_miniProfile:ACoAABeQB08BcbXoxzMyLPhWHK0Lv-TBCW49mfo"
                }
            ]
        },
        {
            "date": {
                "month": 11,
                "year": 2020,
                "day": 6
            },
            "name": "Spatiotemporal correlation study of traffic accidents with fatalities and injuries in Bogota (Colombia)",
            "publisher": "Accident Analysis and Prevention",
            "description": "Highlights\n•The attention to traffic-related accidents by local authorities requires the modeling and forecasting of events, spatially and temporally defined.\n\n•We use data from the traffic police department (Bogota) about incidents with injuries or fatalities (2013–2016).\n\n•We locate each event in spatial coordinates and crossed the observations with exogenous variables (climate, seasonal, and road properties).\n\n•We model the spatiotemporal stochastic process for accidents using a Log-Gaussian Cox model given its flexibility as it enables the use of fixed and random effects.\n\n•The results of this study permit the identification of factors that increase the risk of accidents, and the location of critical zones in the city.",
            "url": "https://doi.org/10.1016/j.aap.2020.105848",
            "authors": [
                {
                    "member": {
                        "firstName": "Felipe",
                        "lastName": "Ramirez",
                        "dashEntityUrn": "urn:li:fsd_profile:ACoAABeQB08BcbXoxzMyLPhWHK0Lv-TBCW49mfo",
                        "occupation": "Machine Learning Manager @ Tailored Brands, Inc. | PhD",
                        "objectUrn": "urn:li:member:395315023",
                        "entityUrn": "urn:li:fs_miniProfile:ACoAABeQB08BcbXoxzMyLPhWHK0Lv-TBCW49mfo",
                        "backgroundImage": {
                            "com.linkedin.common.VectorImage": {
                                "artifacts": [
                                    {
                                        "width": 800,
                                        "fileIdentifyingUrlPathSegment": "200_800/profile-displaybackgroundimage-shrink_200_800/0/1729290625560?e=1746057600&v=beta&t=n1e0t9R77QEy6mDkRz-uUkijapim2_Nudt9ka0CRHr0",
                                        "expiresAt": 1746057600000,
                                        "height": 199
                                    },
                                    {
                                        "width": 1400,
                                        "fileIdentifyingUrlPathSegment": "350_1400/profile-displaybackgroundimage-shrink_350_1400/0/1729290625560?e=1746057600&v=beta&t=e81cwyH6JybX8KVi5sqG_LbMuAcpb7cPZe19YI0XL_E",
                                        "expiresAt": 1746057600000,
                                        "height": 349
                                    }
                                ],
                                "rootUrl": "https://media.licdn.com/dms/image/v2/D5616AQGut0SzUCYqDA/profile-displaybackgroundimage-shrink_"
                            }
                        },
                        "publicIdentifier": "afeliperamirez",
                        "picture": {
                            "com.linkedin.common.VectorImage": {
                                "artifacts": [
                                    {
                                        "width": 100,
                                        "fileIdentifyingUrlPathSegment": "100_100/profile-displayphoto-shrink_100_100/0/1696098856746?e=1746057600&v=beta&t=w2SWM5jSsYdPU5-p-eBGdCFTBSSE9Ff2r0aW4touCww",
                                        "expiresAt": 1746057600000,
                                        "height": 100
                                    },
                                    {
                                        "width": 200,
                                        "fileIdentifyingUrlPathSegment": "200_200/profile-displayphoto-shrink_200_200/0/1696098856746?e=1746057600&v=beta&t=FXmYLrXYxEx76JRG6-KC44ZKs2p88ZyY4JQCOXW9EAk",
                                        "expiresAt": 1746057600000,
                                        "height": 200
                                    },
                                    {
                                        "width": 400,
                                        "fileIdentifyingUrlPathSegment": "400_400/profile-displayphoto-shrink_400_400/0/1696098856746?e=1746057600&v=beta&t=a2A8-r0PQagd-pF6lo_SYF4gEKc8jK25hlhVcv-uVsc",
                                        "expiresAt": 1746057600000,
                                        "height": 400
                                    },
                                    {
                                        "width": 612,
                                        "fileIdentifyingUrlPathSegment": "800_800/profile-displayphoto-shrink_800_800/0/1696098856746?e=1746057600&v=beta&t=yj_Rp48TNheyaoMDAuTQDy3ZetcWe5lncRXsyNdyls8",
                                        "expiresAt": 1746057600000,
                                        "height": 612
                                    }
                                ],
                                "rootUrl": "https://media.licdn.com/dms/image/v2/D5603AQG4iolvxUkwZQ/profile-displayphoto-shrink_"
                            }
                        },
                        "trackingId": "lZSPg6KfQsuctzbtRCk14A=="
                    },
                    "profileUrn": "urn:li:fs_miniProfile:ACoAABeQB08BcbXoxzMyLPhWHK0Lv-TBCW49mfo"
                }
            ]
        },
        {
            "name": "Copula Autoregressive Methodology for Multi-lag, Multi-site Simulation of Rainfall",
            "publisher": "Water Resources Research",
            "description": "This work presents a methodology for the synthetic generation of rainfall time series based on the copula autoregressive methodology with multiple lags and for multiple sites. In this model, the multivariate time series is decomposed using pairwise copula functions to represent the whole cross-dependence, spatial and temporal structure of the data. We explore the advantages of using this nonlinear method over more traditional approaches that as an intermediate step transform the data to a normal distribution or usually omit the zero mass characteristics of the data. The use of copulas gives flexibility to represent the serial variability of the observed data on the simulation and allows for more control of the desired properties. We use discrete zero mass density distributions to assess the nature of rainfall, alongside a vector generalized linear model for the evaluation of time series distributions and their time dependence in multiple locations. We found that the copula autoregressive methodology models in a satisfactory manner the characteristics of the data, including its zero mass characteristics. These results will help to better understand the fluctuating nature of rainfall and also help to understand the underlying stochastic process.",
            "url": "https://doi.org/10.1002/essoar.10503643.1",
            "authors": [
                {
                    "member": {
                        "firstName": "Felipe",
                        "lastName": "Ramirez",
                        "dashEntityUrn": "urn:li:fsd_profile:ACoAABeQB08BcbXoxzMyLPhWHK0Lv-TBCW49mfo",
                        "occupation": "Machine Learning Manager @ Tailored Brands, Inc. | PhD",
                        "objectUrn": "urn:li:member:395315023",
                        "entityUrn": "urn:li:fs_miniProfile:ACoAABeQB08BcbXoxzMyLPhWHK0Lv-TBCW49mfo",
                        "backgroundImage": {
                            "com.linkedin.common.VectorImage": {
                                "artifacts": [
                                    {
                                        "width": 800,
                                        "fileIdentifyingUrlPathSegment": "200_800/profile-displaybackgroundimage-shrink_200_800/0/1729290625560?e=1746057600&v=beta&t=n1e0t9R77QEy6mDkRz-uUkijapim2_Nudt9ka0CRHr0",
                                        "expiresAt": 1746057600000,
                                        "height": 199
                                    },
                                    {
                                        "width": 1400,
                                        "fileIdentifyingUrlPathSegment": "350_1400/profile-displaybackgroundimage-shrink_350_1400/0/1729290625560?e=1746057600&v=beta&t=e81cwyH6JybX8KVi5sqG_LbMuAcpb7cPZe19YI0XL_E",
                                        "expiresAt": 1746057600000,
                                        "height": 349
                                    }
                                ],
                                "rootUrl": "https://media.licdn.com/dms/image/v2/D5616AQGut0SzUCYqDA/profile-displaybackgroundimage-shrink_"
                            }
                        },
                        "publicIdentifier": "afeliperamirez",
                        "picture": {
                            "com.linkedin.common.VectorImage": {
                                "artifacts": [
                                    {
                                        "width": 100,
                                        "fileIdentifyingUrlPathSegment": "100_100/profile-displayphoto-shrink_100_100/0/1696098856746?e=1746057600&v=beta&t=w2SWM5jSsYdPU5-p-eBGdCFTBSSE9Ff2r0aW4touCww",
                                        "expiresAt": 1746057600000,
                                        "height": 100
                                    },
                                    {
                                        "width": 200,
                                        "fileIdentifyingUrlPathSegment": "200_200/profile-displayphoto-shrink_200_200/0/1696098856746?e=1746057600&v=beta&t=FXmYLrXYxEx76JRG6-KC44ZKs2p88ZyY4JQCOXW9EAk",
                                        "expiresAt": 1746057600000,
                                        "height": 200
                                    },
                                    {
                                        "width": 400,
                                        "fileIdentifyingUrlPathSegment": "400_400/profile-displayphoto-shrink_400_400/0/1696098856746?e=1746057600&v=beta&t=a2A8-r0PQagd-pF6lo_SYF4gEKc8jK25hlhVcv-uVsc",
                                        "expiresAt": 1746057600000,
                                        "height": 400
                                    },
                                    {
                                        "width": 612,
                                        "fileIdentifyingUrlPathSegment": "800_800/profile-displayphoto-shrink_800_800/0/1696098856746?e=1746057600&v=beta&t=yj_Rp48TNheyaoMDAuTQDy3ZetcWe5lncRXsyNdyls8",
                                        "expiresAt": 1746057600000,
                                        "height": 612
                                    }
                                ],
                                "rootUrl": "https://media.licdn.com/dms/image/v2/D5603AQG4iolvxUkwZQ/profile-displayphoto-shrink_"
                            }
                        },
                        "trackingId": "lZSPg6KfQsuctzbtRCk14A=="
                    },
                    "profileUrn": "urn:li:fs_miniProfile:ACoAABeQB08BcbXoxzMyLPhWHK0Lv-TBCW49mfo"
                }
            ]
        }
    ],
    "certifications": [
        {
            "authority": "EF English First",
            "name": "EF",
            "timePeriod": {
                "startDate": {
                    "month": 1,
                    "year": 2020
                }
            },
            "licenseNumber": "EF SET English Certificate 71/100 (C2 Proficient)",
            "company": {
                "objectUrn": "urn:li:company:801428",
                "entityUrn": "urn:li:fs_miniCompany:801428",
                "name": "EF English First",
                "showcase": false,
                "active": true,
                "logo": {
                    "com.linkedin.common.VectorImage": {
                        "artifacts": [
                            {
                                "width": 200,
                                "fileIdentifyingUrlPathSegment": "200_200/company-logo_200_200/0/1719322755716/ef_english_first_logo?e=1748476800&v=beta&t=tTwutfPLP6xfdHJ9FioKfMuNSsT70mpqcbEdbKl7n5M",
                                "expiresAt": 1748476800000,
                                "height": 200
                            },
                            {
                                "width": 100,
                                "fileIdentifyingUrlPathSegment": "100_100/company-logo_100_100/0/1719322755716/ef_english_first_logo?e=1748476800&v=beta&t=6Tch8e9CK8SFFIMxCrM0udGrIV-Ucp_bZUEuZHG1JJc",
                                "expiresAt": 1748476800000,
                                "height": 100
                            },
                            {
                                "width": 400,
                                "fileIdentifyingUrlPathSegment": "400_400/company-logo_400_400/0/1719322755716/ef_english_first_logo?e=1748476800&v=beta&t=K80KVhLjgvoMrSZNeY3egImdmT24r1B2K-zxl0Cqass",
                                "expiresAt": 1748476800000,
                                "height": 400
                            }
                        ],
                        "rootUrl": "https://media.licdn.com/dms/image/v2/D4D0BAQH2O8D_b3cqZg/company-logo_"
                    }
                },
                "universalName": "ef-english-first",
                "dashCompanyUrn": "urn:li:fsd_company:801428",
                "trackingId": "npXHPOedTSmr7M726kghag=="
            },
            "displaySource": "efset.org",
            "companyUrn": "urn:li:fs_miniCompany:801428",
            "url": "https://www.efset.org/cert/Ta4h5M"
        },
        {
            "authority": "Correlation One",
            "name": "DS4A / Colombia 2.0: Graduated with Honors",
            "timePeriod": {
                "startDate": {
                    "month": 8,
                    "year": 2020
                }
            },
            "licenseNumber": "21581826",
            "company": {
                "objectUrn": "urn:li:company:6609672",
                "entityUrn": "urn:li:fs_miniCompany:6609672",
                "name": "Correlation One",
                "showcase": false,
                "active": true,
                "logo": {
                    "com.linkedin.common.VectorImage": {
                        "artifacts": [
                            {
                                "width": 200,
                                "fileIdentifyingUrlPathSegment": "200_200/company-logo_200_200/0/1630498725798/correlation_one_logo?e=1748476800&v=beta&t=12valCvEpS7XIIVlbWsiSCRGGAYbIUIAcKzDAvq1IUc",
                                "expiresAt": 1748476800000,
                                "height": 200
                            },
                            {
                                "width": 100,
                                "fileIdentifyingUrlPathSegment": "100_100/company-logo_100_100/0/1630498725798/correlation_one_logo?e=1748476800&v=beta&t=NmTAbnrhW_MEP9wXp94SFpIsxx2aKTKgSBpZEO8J9Jw",
                                "expiresAt": 1748476800000,
                                "height": 100
                            },
                            {
                                "width": 400,
                                "fileIdentifyingUrlPathSegment": "400_400/company-logo_400_400/0/1630498725798/correlation_one_logo?e=1748476800&v=beta&t=XWuUF6e89Gt9HCYsxUClf0QSBbA689vAjydeBUmasZk",
                                "expiresAt": 1748476800000,
                                "height": 400
                            }
                        ],
                        "rootUrl": "https://media.licdn.com/dms/image/v2/C4D0BAQEO9t_zG4nbkw/company-logo_"
                    }
                },
                "universalName": "correlation-one",
                "dashCompanyUrn": "urn:li:fsd_company:6609672",
                "trackingId": "+++0uPQJSxKTE0ErkUWxYw=="
            },
            "displaySource": "credential.net",
            "companyUrn": "urn:li:fs_miniCompany:6609672",
            "url": "https://www.credential.net/7d7d6b75-d6a2-448f-bc43-d9bdb8fa1eb3"
        },
        {
            "authority": "Coursera",
            "name": "Reinforcement Learning Specialization",
            "timePeriod": {
                "startDate": {
                    "month": 8,
                    "year": 2020
                }
            },
            "licenseNumber": "MBHZWASSERRM",
            "company": {
                "objectUrn": "urn:li:company:2453129",
                "entityUrn": "urn:li:fs_miniCompany:2453129",
                "name": "Coursera",
                "showcase": false,
                "active": true,
                "logo": {
                    "com.linkedin.common.VectorImage": {
                        "artifacts": [
                            {
                                "width": 200,
                                "fileIdentifyingUrlPathSegment": "200_200/company-logo_200_200/0/1630530042036/coursera_logo?e=1748476800&v=beta&t=5Z0FyWDxnUkOBKDOFs2UH5mLaEX061IsNvcqjiTpdUk",
                                "expiresAt": 1748476800000,
                                "height": 200
                            },
                            {
                                "width": 100,
                                "fileIdentifyingUrlPathSegment": "100_100/company-logo_100_100/0/1630530042036/coursera_logo?e=1748476800&v=beta&t=Pzdjt_BkLPhdbpas76oCwVNTVMFG7o79g5QiawWyHvg",
                                "expiresAt": 1748476800000,
                                "height": 100
                            },
                            {
                                "width": 400,
                                "fileIdentifyingUrlPathSegment": "400_400/company-logo_400_400/0/1630530042036/coursera_logo?e=1748476800&v=beta&t=OQ4lojCXtojtb8troNnmg0FmYNOaWG_HGYV3b2Mfrbw",
                                "expiresAt": 1748476800000,
                                "height": 400
                            }
                        ],
                        "rootUrl": "https://media.licdn.com/dms/image/v2/C4D0BAQGexnfBxeEG-g/company-logo_"
                    }
                },
                "universalName": "coursera",
                "dashCompanyUrn": "urn:li:fsd_company:2453129",
                "trackingId": "tMX+tst9S7mvb6Sv6I+0Wg=="
            },
            "displaySource": "coursera.org",
            "companyUrn": "urn:li:fs_miniCompany:2453129",
            "url": "https://www.coursera.org/account/accomplishments/specialization/certificate/MBHZWASSERRM"
        },
        {
            "authority": "British Council",
            "name": "IELTS Academic - C1 Proficiency",
            "timePeriod": {
                "endDate": {
                    "month": 9,
                    "year": 2022
                },
                "startDate": {
                    "month": 9,
                    "year": 2020
                }
            },
            "licenseNumber": "20CO000246RAMA001A",
            "company": {
                "objectUrn": "urn:li:company:162797",
                "entityUrn": "urn:li:fs_miniCompany:162797",
                "name": "British Council",
                "showcase": false,
                "active": true,
                "logo": {
                    "com.linkedin.common.VectorImage": {
                        "artifacts": [
                            {
                                "width": 200,
                                "fileIdentifyingUrlPathSegment": "200_200/company-logo_200_200/0/1630560502098/british_council_logo?e=1748476800&v=beta&t=71hO5EVNA2L20rMj7FwFgwSqtCIUUbfc9McDoN7iyec",
                                "expiresAt": 1748476800000,
                                "height": 200
                            },
                            {
                                "width": 100,
                                "fileIdentifyingUrlPathSegment": "100_100/company-logo_100_100/0/1630560502099/british_council_logo?e=1748476800&v=beta&t=4fFqVg9wpHiUzJyCaM0dUgZglzQCnp5nnwsfIpr35VU",
                                "expiresAt": 1748476800000,
                                "height": 100
                            },
                            {
                                "width": 400,
                                "fileIdentifyingUrlPathSegment": "400_400/company-logo_400_400/0/1630560502099/british_council_logo?e=1748476800&v=beta&t=d0YHWD2Almmz4eRk-leY93ZsCdgkrL4WonxJiu3hirk",
                                "expiresAt": 1748476800000,
                                "height": 400
                            }
                        ],
                        "rootUrl": "https://media.licdn.com/dms/image/v2/C4D0BAQEbgQMpvEqVNw/company-logo_"
                    }
                },
                "universalName": "british-council",
                "dashCompanyUrn": "urn:li:fsd_company:162797",
                "trackingId": "5MfFPWrBTqua9dRE6mXoQg=="
            },
            "companyUrn": "urn:li:fs_miniCompany:162797"
        }
    ],
    "volunteer": [],
    "honors": [
        {
            "description": "Full tuition Ph.D. degree",
            "occupation": "urn:li:fs_education:(ACoAABeQB08BcbXoxzMyLPhWHK0Lv-TBCW49mfo,640000540)",
            "title": "Ph.D. Scholarship",
            "issueDate": {
                "month": 6,
                "year": 2018
            },
            "issuer": "Universidad de Los Andes"
        },
        {
            "description": "Full tuition Master's degree",
            "occupation": "urn:li:fs_education:(ACoAABeQB08BcbXoxzMyLPhWHK0Lv-TBCW49mfo,404963862)",
            "title": "M.Sc. Scholarship",
            "issueDate": {
                "month": 1,
                "year": 2017
            },
            "issuer": "Universidad de Los Andes"
        }
    ],
    "projects": [
        {
            "members": [
                {
                    "member": {
                        "firstName": "Felipe",
                        "lastName": "Ramirez",
                        "dashEntityUrn": "urn:li:fsd_profile:ACoAABeQB08BcbXoxzMyLPhWHK0Lv-TBCW49mfo",
                        "occupation": "Machine Learning Manager @ Tailored Brands, Inc. | PhD",
                        "objectUrn": "urn:li:member:395315023",
                        "entityUrn": "urn:li:fs_miniProfile:ACoAABeQB08BcbXoxzMyLPhWHK0Lv-TBCW49mfo",
                        "backgroundImage": {
                            "com.linkedin.common.VectorImage": {
                                "artifacts": [
                                    {
                                        "width": 800,
                                        "fileIdentifyingUrlPathSegment": "200_800/profile-displaybackgroundimage-shrink_200_800/0/1729290625560?e=1746057600&v=beta&t=n1e0t9R77QEy6mDkRz-uUkijapim2_Nudt9ka0CRHr0",
                                        "expiresAt": 1746057600000,
                                        "height": 199
                                    },
                                    {
                                        "width": 1400,
                                        "fileIdentifyingUrlPathSegment": "350_1400/profile-displaybackgroundimage-shrink_350_1400/0/1729290625560?e=1746057600&v=beta&t=e81cwyH6JybX8KVi5sqG_LbMuAcpb7cPZe19YI0XL_E",
                                        "expiresAt": 1746057600000,
                                        "height": 349
                                    }
                                ],
                                "rootUrl": "https://media.licdn.com/dms/image/v2/D5616AQGut0SzUCYqDA/profile-displaybackgroundimage-shrink_"
                            }
                        },
                        "publicIdentifier": "afeliperamirez",
                        "picture": {
                            "com.linkedin.common.VectorImage": {
                                "artifacts": [
                                    {
                                        "width": 100,
                                        "fileIdentifyingUrlPathSegment": "100_100/profile-displayphoto-shrink_100_100/0/1696098856746?e=1746057600&v=beta&t=w2SWM5jSsYdPU5-p-eBGdCFTBSSE9Ff2r0aW4touCww",
                                        "expiresAt": 1746057600000,
                                        "height": 100
                                    },
                                    {
                                        "width": 200,
                                        "fileIdentifyingUrlPathSegment": "200_200/profile-displayphoto-shrink_200_200/0/1696098856746?e=1746057600&v=beta&t=FXmYLrXYxEx76JRG6-KC44ZKs2p88ZyY4JQCOXW9EAk",
                                        "expiresAt": 1746057600000,
                                        "height": 200
                                    },
                                    {
                                        "width": 400,
                                        "fileIdentifyingUrlPathSegment": "400_400/profile-displayphoto-shrink_400_400/0/1696098856746?e=1746057600&v=beta&t=a2A8-r0PQagd-pF6lo_SYF4gEKc8jK25hlhVcv-uVsc",
                                        "expiresAt": 1746057600000,
                                        "height": 400
                                    },
                                    {
                                        "width": 612,
                                        "fileIdentifyingUrlPathSegment": "800_800/profile-displayphoto-shrink_800_800/0/1696098856746?e=1746057600&v=beta&t=yj_Rp48TNheyaoMDAuTQDy3ZetcWe5lncRXsyNdyls8",
                                        "expiresAt": 1746057600000,
                                        "height": 612
                                    }
                                ],
                                "rootUrl": "https://media.licdn.com/dms/image/v2/D5603AQG4iolvxUkwZQ/profile-displayphoto-shrink_"
                            }
                        },
                        "trackingId": "lZSPg6KfQsuctzbtRCk14A=="
                    },
                    "entityUrn": "urn:li:fs_contributor:(ACoAABeQB08BcbXoxzMyLPhWHK0Lv-TBCW49mfo,64903760,311507978)",
                    "profileUrn": "urn:li:fs_miniProfile:ACoAABeQB08BcbXoxzMyLPhWHK0Lv-TBCW49mfo"
                }
            ],
            "timePeriod": {
                "endDate": {
                    "month": 8,
                    "year": 2020
                },
                "startDate": {
                    "month": 6,
                    "year": 2020
                }
            },
            "description": "Alongside the Ministry of Justice, we developed an interactive tool to understand the phenomena of recidivism in Colombia.",
            "title": "Recidivism in Colombia",
            "url": "http://minjusticia.rt4apps.com/"
        },
        {
            "members": [
                {
                    "member": {
                        "firstName": "Felipe",
                        "lastName": "Ramirez",
                        "dashEntityUrn": "urn:li:fsd_profile:ACoAABeQB08BcbXoxzMyLPhWHK0Lv-TBCW49mfo",
                        "occupation": "Machine Learning Manager @ Tailored Brands, Inc. | PhD",
                        "objectUrn": "urn:li:member:395315023",
                        "entityUrn": "urn:li:fs_miniProfile:ACoAABeQB08BcbXoxzMyLPhWHK0Lv-TBCW49mfo",
                        "backgroundImage": {
                            "com.linkedin.common.VectorImage": {
                                "artifacts": [
                                    {
                                        "width": 800,
                                        "fileIdentifyingUrlPathSegment": "200_800/profile-displaybackgroundimage-shrink_200_800/0/1729290625560?e=1746057600&v=beta&t=n1e0t9R77QEy6mDkRz-uUkijapim2_Nudt9ka0CRHr0",
                                        "expiresAt": 1746057600000,
                                        "height": 199
                                    },
                                    {
                                        "width": 1400,
                                        "fileIdentifyingUrlPathSegment": "350_1400/profile-displaybackgroundimage-shrink_350_1400/0/1729290625560?e=1746057600&v=beta&t=e81cwyH6JybX8KVi5sqG_LbMuAcpb7cPZe19YI0XL_E",
                                        "expiresAt": 1746057600000,
                                        "height": 349
                                    }
                                ],
                                "rootUrl": "https://media.licdn.com/dms/image/v2/D5616AQGut0SzUCYqDA/profile-displaybackgroundimage-shrink_"
                            }
                        },
                        "publicIdentifier": "afeliperamirez",
                        "picture": {
                            "com.linkedin.common.VectorImage": {
                                "artifacts": [
                                    {
                                        "width": 100,
                                        "fileIdentifyingUrlPathSegment": "100_100/profile-displayphoto-shrink_100_100/0/1696098856746?e=1746057600&v=beta&t=w2SWM5jSsYdPU5-p-eBGdCFTBSSE9Ff2r0aW4touCww",
                                        "expiresAt": 1746057600000,
                                        "height": 100
                                    },
                                    {
                                        "width": 200,
                                        "fileIdentifyingUrlPathSegment": "200_200/profile-displayphoto-shrink_200_200/0/1696098856746?e=1746057600&v=beta&t=FXmYLrXYxEx76JRG6-KC44ZKs2p88ZyY4JQCOXW9EAk",
                                        "expiresAt": 1746057600000,
                                        "height": 200
                                    },
                                    {
                                        "width": 400,
                                        "fileIdentifyingUrlPathSegment": "400_400/profile-displayphoto-shrink_400_400/0/1696098856746?e=1746057600&v=beta&t=a2A8-r0PQagd-pF6lo_SYF4gEKc8jK25hlhVcv-uVsc",
                                        "expiresAt": 1746057600000,
                                        "height": 400
                                    },
                                    {
                                        "width": 612,
                                        "fileIdentifyingUrlPathSegment": "800_800/profile-displayphoto-shrink_800_800/0/1696098856746?e=1746057600&v=beta&t=yj_Rp48TNheyaoMDAuTQDy3ZetcWe5lncRXsyNdyls8",
                                        "expiresAt": 1746057600000,
                                        "height": 612
                                    }
                                ],
                                "rootUrl": "https://media.licdn.com/dms/image/v2/D5603AQG4iolvxUkwZQ/profile-displayphoto-shrink_"
                            }
                        },
                        "trackingId": "lZSPg6KfQsuctzbtRCk14A=="
                    },
                    "entityUrn": "urn:li:fs_contributor:(ACoAABeQB08BcbXoxzMyLPhWHK0Lv-TBCW49mfo,1490164976,274217385)",
                    "profileUrn": "urn:li:fs_miniProfile:ACoAABeQB08BcbXoxzMyLPhWHK0Lv-TBCW49mfo"
                }
            ],
            "timePeriod": {
                "endDate": {
                    "month": 1,
                    "year": 2020
                },
                "startDate": {
                    "month": 1,
                    "year": 2020
                }
            },
            "description": "(Abstract) The increasing interest in renewable energies strategies application and the path for diminishing the use of carbon-related energy sources have encouraged the development of novel strategies for the integration of solar energy into the electricity network. A correct inclusion of the fluctuating energy output of a photovoltaic (PV) energy system into an electric grid requires\nimprovements in the forecasting and simulation methodologies for solar energy potential, and the understanding not only of the mean value of the series but the associated underlying stochastic process. We present a methodology for synthetic generation of solar irradiance (shortwave flux) and air temperature bivariate time series based on copula functions to represent the cross-dependence and temporal structure of the data. \n\nWe explore the advantages of using this nonlinear time series method over traditional approaches that use a transformation of the data to normal distributions as an intermediate step. The use of copulas gives the flexibility to represent the serial variability of the real data on the simulation and allows having more control on the desired properties of the data. We use discrete zero mass density distributions to assess the nature of solar irradiance, alongside vector generalized linear models for the bivariate time series time-dependent distributions. We found that the copula autoregressive methodology used, including the zero mass characteristics of the solar irradiance time series, generates a significant improvement over the state of the art strategies. These results will help to better understand the fluctuating nature of solar energy forecasting, the underlying stochastic process, and quantify the potential of a photovoltaic (PV) energy generating system integration into a country electricity network. ",
            "title": "Copula Autoregressive Methodology for Simulation of Solar Irradiance and Air Temperature Time Series for Solar Energy Forecasting",
            "url": "https://publications.waset.org/abstracts/115914/pdf"
        },
        {
            "occupation": "urn:li:fs_position:(ACoAABeQB08BcbXoxzMyLPhWHK0Lv-TBCW49mfo,901834050)",
            "members": [
                {
                    "member": {
                        "firstName": "Felipe",
                        "lastName": "Ramirez",
                        "dashEntityUrn": "urn:li:fsd_profile:ACoAABeQB08BcbXoxzMyLPhWHK0Lv-TBCW49mfo",
                        "occupation": "Machine Learning Manager @ Tailored Brands, Inc. | PhD",
                        "objectUrn": "urn:li:member:395315023",
                        "entityUrn": "urn:li:fs_miniProfile:ACoAABeQB08BcbXoxzMyLPhWHK0Lv-TBCW49mfo",
                        "backgroundImage": {
                            "com.linkedin.common.VectorImage": {
                                "artifacts": [
                                    {
                                        "width": 800,
                                        "fileIdentifyingUrlPathSegment": "200_800/profile-displaybackgroundimage-shrink_200_800/0/1729290625560?e=1746057600&v=beta&t=n1e0t9R77QEy6mDkRz-uUkijapim2_Nudt9ka0CRHr0",
                                        "expiresAt": 1746057600000,
                                        "height": 199
                                    },
                                    {
                                        "width": 1400,
                                        "fileIdentifyingUrlPathSegment": "350_1400/profile-displaybackgroundimage-shrink_350_1400/0/1729290625560?e=1746057600&v=beta&t=e81cwyH6JybX8KVi5sqG_LbMuAcpb7cPZe19YI0XL_E",
                                        "expiresAt": 1746057600000,
                                        "height": 349
                                    }
                                ],
                                "rootUrl": "https://media.licdn.com/dms/image/v2/D5616AQGut0SzUCYqDA/profile-displaybackgroundimage-shrink_"
                            }
                        },
                        "publicIdentifier": "afeliperamirez",
                        "picture": {
                            "com.linkedin.common.VectorImage": {
                                "artifacts": [
                                    {
                                        "width": 100,
                                        "fileIdentifyingUrlPathSegment": "100_100/profile-displayphoto-shrink_100_100/0/1696098856746?e=1746057600&v=beta&t=w2SWM5jSsYdPU5-p-eBGdCFTBSSE9Ff2r0aW4touCww",
                                        "expiresAt": 1746057600000,
                                        "height": 100
                                    },
                                    {
                                        "width": 200,
                                        "fileIdentifyingUrlPathSegment": "200_200/profile-displayphoto-shrink_200_200/0/1696098856746?e=1746057600&v=beta&t=FXmYLrXYxEx76JRG6-KC44ZKs2p88ZyY4JQCOXW9EAk",
                                        "expiresAt": 1746057600000,
                                        "height": 200
                                    },
                                    {
                                        "width": 400,
                                        "fileIdentifyingUrlPathSegment": "400_400/profile-displayphoto-shrink_400_400/0/1696098856746?e=1746057600&v=beta&t=a2A8-r0PQagd-pF6lo_SYF4gEKc8jK25hlhVcv-uVsc",
                                        "expiresAt": 1746057600000,
                                        "height": 400
                                    },
                                    {
                                        "width": 612,
                                        "fileIdentifyingUrlPathSegment": "800_800/profile-displayphoto-shrink_800_800/0/1696098856746?e=1746057600&v=beta&t=yj_Rp48TNheyaoMDAuTQDy3ZetcWe5lncRXsyNdyls8",
                                        "expiresAt": 1746057600000,
                                        "height": 612
                                    }
                                ],
                                "rootUrl": "https://media.licdn.com/dms/image/v2/D5603AQG4iolvxUkwZQ/profile-displayphoto-shrink_"
                            }
                        },
                        "trackingId": "lZSPg6KfQsuctzbtRCk14A=="
                    },
                    "entityUrn": "urn:li:fs_contributor:(ACoAABeQB08BcbXoxzMyLPhWHK0Lv-TBCW49mfo,65026735,311511729)",
                    "profileUrn": "urn:li:fs_miniProfile:ACoAABeQB08BcbXoxzMyLPhWHK0Lv-TBCW49mfo"
                }
            ],
            "timePeriod": {
                "endDate": {
                    "month": 9,
                    "year": 2018
                },
                "startDate": {
                    "month": 3,
                    "year": 2018
                }
            },
            "description": "DEA and SFA analysis of the efficiency for companies inside the Colombian Natural Gas Association (NaturGas)",
            "title": "Cost efficiency analysis for the Colombian natural gas association (NaturGas)"
        },
        {
            "members": [
                {
                    "member": {
                        "firstName": "Felipe",
                        "lastName": "Ramirez",
                        "dashEntityUrn": "urn:li:fsd_profile:ACoAABeQB08BcbXoxzMyLPhWHK0Lv-TBCW49mfo",
                        "occupation": "Machine Learning Manager @ Tailored Brands, Inc. | PhD",
                        "objectUrn": "urn:li:member:395315023",
                        "entityUrn": "urn:li:fs_miniProfile:ACoAABeQB08BcbXoxzMyLPhWHK0Lv-TBCW49mfo",
                        "backgroundImage": {
                            "com.linkedin.common.VectorImage": {
                                "artifacts": [
                                    {
                                        "width": 800,
                                        "fileIdentifyingUrlPathSegment": "200_800/profile-displaybackgroundimage-shrink_200_800/0/1729290625560?e=1746057600&v=beta&t=n1e0t9R77QEy6mDkRz-uUkijapim2_Nudt9ka0CRHr0",
                                        "expiresAt": 1746057600000,
                                        "height": 199
                                    },
                                    {
                                        "width": 1400,
                                        "fileIdentifyingUrlPathSegment": "350_1400/profile-displaybackgroundimage-shrink_350_1400/0/1729290625560?e=1746057600&v=beta&t=e81cwyH6JybX8KVi5sqG_LbMuAcpb7cPZe19YI0XL_E",
                                        "expiresAt": 1746057600000,
                                        "height": 349
                                    }
                                ],
                                "rootUrl": "https://media.licdn.com/dms/image/v2/D5616AQGut0SzUCYqDA/profile-displaybackgroundimage-shrink_"
                            }
                        },
                        "publicIdentifier": "afeliperamirez",
                        "picture": {
                            "com.linkedin.common.VectorImage": {
                                "artifacts": [
                                    {
                                        "width": 100,
                                        "fileIdentifyingUrlPathSegment": "100_100/profile-displayphoto-shrink_100_100/0/1696098856746?e=1746057600&v=beta&t=w2SWM5jSsYdPU5-p-eBGdCFTBSSE9Ff2r0aW4touCww",
                                        "expiresAt": 1746057600000,
                                        "height": 100
                                    },
                                    {
                                        "width": 200,
                                        "fileIdentifyingUrlPathSegment": "200_200/profile-displayphoto-shrink_200_200/0/1696098856746?e=1746057600&v=beta&t=FXmYLrXYxEx76JRG6-KC44ZKs2p88ZyY4JQCOXW9EAk",
                                        "expiresAt": 1746057600000,
                                        "height": 200
                                    },
                                    {
                                        "width": 400,
                                        "fileIdentifyingUrlPathSegment": "400_400/profile-displayphoto-shrink_400_400/0/1696098856746?e=1746057600&v=beta&t=a2A8-r0PQagd-pF6lo_SYF4gEKc8jK25hlhVcv-uVsc",
                                        "expiresAt": 1746057600000,
                                        "height": 400
                                    },
                                    {
                                        "width": 612,
                                        "fileIdentifyingUrlPathSegment": "800_800/profile-displayphoto-shrink_800_800/0/1696098856746?e=1746057600&v=beta&t=yj_Rp48TNheyaoMDAuTQDy3ZetcWe5lncRXsyNdyls8",
                                        "expiresAt": 1746057600000,
                                        "height": 612
                                    }
                                ],
                                "rootUrl": "https://media.licdn.com/dms/image/v2/D5603AQG4iolvxUkwZQ/profile-displayphoto-shrink_"
                            }
                        },
                        "trackingId": "lZSPg6KfQsuctzbtRCk14A=="
                    },
                    "entityUrn": "urn:li:fs_contributor:(ACoAABeQB08BcbXoxzMyLPhWHK0Lv-TBCW49mfo,1490066945,274218360)",
                    "profileUrn": "urn:li:fs_miniProfile:ACoAABeQB08BcbXoxzMyLPhWHK0Lv-TBCW49mfo"
                }
            ],
            "timePeriod": {
                "endDate": {
                    "month": 2,
                    "year": 2018
                },
                "startDate": {
                    "month": 1,
                    "year": 2018
                }
            },
            "description": "Session 17B: Analytics, Data Science and Data Mining 20.\n\n(Abstract) The planning and location of resources for urban traffic management generate complex decision problems, given the uncertainty of variables that explain traffic behavior, the lack of data, and the large number of factors to be considered when creating optimal policies. In particular, the attention given to traffic-related accidents by local authorities requires the modeling and forecasting of events that are spatial and temporally defined.\n\nIn this study, we use data from the traffic police department in Bogota (Colombia) about incidents with injuries or fatalities between 2014 and 2016. We locate each event in spatial coordinates and crossed the observations with exogenous variables (climate, seasonal events, and road properties). We model the spatiotemporal stochastic process for accidents using a Log-Gaussian Cox model given its flexibility as it enables the use of fixed and random effects.\n\nThe results of this study are summarized in three main contributions: (i) identification of principal factors that increase the risk of traffic accidents and fatalities; (ii) identification of critical zones in the city that requires more attention; and (iii) a predictive tool to forecast accidents in the future, including the stochastic properties that can be used in a prescriptive model.",
            "title": "Spatiotemporal stochastic analysis for traffic accidents in the city of Bogota.",
            "url": "https://easychair.org/smart-program/CLAIO2018/2018-09-26.html#session:29566"
        }
    ],
    "skills": [
        {
            "name": "Operations Research"
        },
        {
            "name": "Financial Planning and Analysis (FP&A)"
        },
        {
            "name": "Energy"
        },
        {
            "name": "Policy Development"
        }
    ],
    "urn_id": "ACoAABeQB08BcbXoxzMyLPhWHK0Lv-TBCW49mfo"
}