{
    "summary": "I am a double master degree student  with a passion for technology and innovation, I thrive on solving complex problems and delivering top-notch solutions. With a strong interest in artificial intelligence, data analysis, software development, and cybersecurity. \n\nI've worked as a software developer and academic researcher. I have also successfully developed multiple Machine Learning projects. I see myself as a dedicated individual with strong interpersonal, teamwork, and time management skills. \n\nDuring my university stage I combined my studies with coaching futsal in a sports academy, where I promoted the value of collaboration, teamwork, discipline, humility, and hard work.",
    "industryName": "Research",
    "lastName": "Muñoz Losa",
    "locationName": "United States",
    "student": false,
    "geoCountryName": "United States",
    "geoCountryUrn": "urn:li:fs_geo:103644278",
    "geoLocationBackfilled": false,
    "elt": false,
    "industryUrn": "urn:li:fs_industry:70",
    "firstName": "Carlos",
    "entityUrn": "urn:li:fs_profile:ACoAADVFoOEBMtMrkmkLajeDpg10gPBma36_AJU",
    "geoLocation": {
        "geoUrn": "urn:li:fs_geo:103112676"
    },
    "geoLocationName": "Chicago, Illinois",
    "location": {
        "basicLocation": {
            "countryCode": "us"
        }
    },
    "headline": "Machine Learning Engineer | MS 𝗔𝗿𝘁𝗶𝗳𝗶𝗰𝗶𝗮𝗹 𝗜𝗻𝘁𝗲𝗹𝗹𝗶𝗴𝗲𝗻𝗰𝗲  | Telecommunications Engineer | Soccer Coach | Student Athlete",
    "displayPictureUrl": "https://media.licdn.com/dms/image/v2/D4D03AQHKgiMZ4imnDA/profile-displayphoto-shrink_",
    "img_100_100": "100_100/profile-displayphoto-shrink_100_100/0/1679609030712?e=1746057600&v=beta&t=0no8RaZ4K0F8kHaV9tH5Xe9CoaBaXNOWmNlWcJ0rPsE",
    "img_200_200": "200_200/profile-displayphoto-shrink_200_200/0/1679609030712?e=1746057600&v=beta&t=Jpw6CJkf2An648GnWxO2R9TXucfb_4TFwp24UiOjzcg",
    "img_400_400": "400_400/profile-displayphoto-shrink_400_400/0/1679609030712?e=1746057600&v=beta&t=AZiZTsmrvX99GmbLU2XhOaNFIxpASPgCwC-VMDg1OiU",
    "img_800_800": "800_800/profile-displayphoto-shrink_800_800/0/1679609030712?e=1746057600&v=beta&t=lIV35fvqdIMflOQe8IuEWZxQzjnMy5C7-uj-69qlY4Q",
    "profile_id": "ACoAADVFoOEBMtMrkmkLajeDpg10gPBma36_AJU",
    "profile_urn": "urn:li:fs_miniProfile:ACoAADVFoOEBMtMrkmkLajeDpg10gPBma36_AJU",
    "member_urn": "urn:li:member:893755617",
    "public_id": "carlos-munoz-losa",
    "experience": [
        {
            "locationName": "Chicago, Illinois, United States",
            "entityUrn": "urn:li:fs_position:(ACoAADVFoOEBMtMrkmkLajeDpg10gPBma36_AJU,2275148118)",
            "geoLocationName": "Chicago, Illinois, United States",
            "geoUrn": "urn:li:fs_geo:103112676",
            "companyName": "Medtelligent",
            "timePeriod": {
                "startDate": {
                    "month": 10,
                    "year": 2023
                }
            },
            "company": {
                "employeeCountRange": {
                    "start": 11,
                    "end": 50
                },
                "industries": [
                    "Computer Software"
                ]
            },
            "title": "Machine Learning Engineer",
            "region": "urn:li:fs_region:(us,0)",
            "companyUrn": "urn:li:fs_miniCompany:452504",
            "companyLogoUrl": "https://media.licdn.com/dms/image/v2/D560BAQHr7p3SAk9vAA/company-logo_"
        },
        {
            "locationName": "Chicago, Illinois, United States",
            "entityUrn": "urn:li:fs_position:(ACoAADVFoOEBMtMrkmkLajeDpg10gPBma36_AJU,2196148783)",
            "geoLocationName": "Chicago, Illinois, United States",
            "geoUrn": "urn:li:fs_geo:103112676",
            "companyName": "Illinois Institute of Technology",
            "timePeriod": {
                "endDate": {
                    "month": 8,
                    "year": 2023
                },
                "startDate": {
                    "month": 1,
                    "year": 2023
                }
            },
            "description": "Contributed to the development of a multi-animal tracking and behavior detection tool using CV models. Contributed alongside two Ph. D. and 4 graduate students in data processing, performance testing, and visualization.",
            "company": {
                "employeeCountRange": {
                    "start": 1001,
                    "end": 5000
                },
                "industries": [
                    "Higher Education"
                ]
            },
            "title": "Academic Researcher",
            "region": "urn:li:fs_region:(us,0)",
            "companyUrn": "urn:li:fs_miniCompany:6328",
            "companyLogoUrl": "https://media.licdn.com/dms/image/v2/C4D0BAQEd6wnmQCCIHw/company-logo_"
        },
        {
            "locationName": "Madrid, Comunidad de Madrid, España",
            "entityUrn": "urn:li:fs_position:(ACoAADVFoOEBMtMrkmkLajeDpg10gPBma36_AJU,2163402977)",
            "geoLocationName": "Madrid, Comunidad de Madrid, España",
            "geoUrn": "urn:li:fs_geo:100994331",
            "companyName": "Autónomo",
            "timePeriod": {
                "endDate": {
                    "month": 8,
                    "year": 2021
                },
                "startDate": {
                    "month": 6,
                    "year": 2021
                }
            },
            "description": "Contributed to the design, development and deployment of a Software tool that permitted the company’s complete digitalization. Collaborated with client during the design, adapting the user interface to the specific requirements. Resulted in a complete usable platform completely integrated.",
            "title": "Freelance Software Developer",
            "region": "urn:li:fs_region:(es,0)"
        },
        {
            "locationName": "Madrid, Comunidad de Madrid, España",
            "entityUrn": "urn:li:fs_position:(ACoAADVFoOEBMtMrkmkLajeDpg10gPBma36_AJU,2163406391)",
            "geoLocationName": "Madrid, Comunidad de Madrid, España",
            "geoUrn": "urn:li:fs_geo:100994331",
            "companyName": "Universidad Politécnica de Madrid",
            "timePeriod": {
                "endDate": {
                    "month": 6,
                    "year": 2021
                },
                "startDate": {
                    "month": 11,
                    "year": 2020
                }
            },
            "description": "Contributed to the development of a tool for a cyber situational awareness platform to detect and identify patterns of cyberattacks and provide dynamic risk management. Designed/developed/incorporated NLP model for building risk management rules using natural language reducing a 50% configuration time, eliminating the need for specialists for the task.",
            "company": {
                "employeeCountRange": {
                    "start": 1001,
                    "end": 5000
                },
                "industries": [
                    "Higher Education"
                ]
            },
            "title": "Academic Researcher",
            "region": "urn:li:fs_region:(es,0)",
            "companyUrn": "urn:li:fs_miniCompany:166617",
            "companyLogoUrl": "https://media.licdn.com/dms/image/v2/D4D0BAQHJPlcA68PA2Q/company-logo_"
        }
    ],
    "education": [
        {
            "projects": [
                "urn:li:fs_project:(ACoAADVFoOEBMtMrkmkLajeDpg10gPBma36_AJU,797827442)",
                "urn:li:fs_project:(ACoAADVFoOEBMtMrkmkLajeDpg10gPBma36_AJU,926173745)",
                "urn:li:fs_project:(ACoAADVFoOEBMtMrkmkLajeDpg10gPBma36_AJU,926360453)"
            ],
            "entityUrn": "urn:li:fs_education:(ACoAADVFoOEBMtMrkmkLajeDpg10gPBma36_AJU,824892910)",
            "school": {
                "objectUrn": "urn:li:school:18264",
                "entityUrn": "urn:li:fs_miniSchool:18264",
                "active": true,
                "schoolName": "Illinois Institute of Technology",
                "trackingId": "fxz4CXZ6SQCGE+V9UTnQ5A==",
                "logoUrl": "https://media.licdn.com/dms/image/v2/C4D0BAQEd6wnmQCCIHw/company-logo_"
            },
            "timePeriod": {
                "endDate": {
                    "month": 8,
                    "year": 2023
                },
                "startDate": {
                    "month": 8,
                    "year": 2022
                }
            },
            "description": "Advanced Artificial Intelligence, Machine Learning, NLP, Deep Learning, Data Preparation and Analysis, Online Social Network Analysis and Introduction to Artificial Intelligence",
            "degreeName": "Master in Artificial Intelligence",
            "schoolName": "Illinois Institute of Technology",
            "fieldOfStudy": "Computer Science",
            "schoolUrn": "urn:li:fs_miniSchool:18264"
        },
        {
            "entityUrn": "urn:li:fs_education:(ACoAADVFoOEBMtMrkmkLajeDpg10gPBma36_AJU,746567067)",
            "school": {
                "objectUrn": "urn:li:school:12241",
                "entityUrn": "urn:li:fs_miniSchool:12241",
                "active": true,
                "schoolName": "Universidad Politécnica de Madrid",
                "trackingId": "EMH9YWh4SOC2nEO7Wj6Q3w==",
                "logoUrl": "https://media.licdn.com/dms/image/v2/D4D0BAQHJPlcA68PA2Q/company-logo_"
            },
            "timePeriod": {
                "endDate": {
                    "month": 6,
                    "year": 2023
                },
                "startDate": {
                    "month": 9,
                    "year": 2021
                }
            },
            "description": "Project Management, Strategic Vision for Technologies and systems in the ICT sector, Communication Networks, Applications and Services",
            "fieldOfStudyUrn": "urn:li:fs_fieldOfStudy:100353",
            "degreeName": "Master of Engineering - MEng",
            "schoolName": "Universidad Politécnica de Madrid",
            "fieldOfStudy": "Telecommunications Engineering",
            "degreeUrn": "urn:li:fs_degree:551",
            "schoolUrn": "urn:li:fs_miniSchool:12241"
        },
        {
            "entityUrn": "urn:li:fs_education:(ACoAADVFoOEBMtMrkmkLajeDpg10gPBma36_AJU,716125489)",
            "school": {
                "objectUrn": "urn:li:school:12241",
                "entityUrn": "urn:li:fs_miniSchool:12241",
                "active": true,
                "schoolName": "Universidad Politécnica de Madrid",
                "trackingId": "jifiiEY7TmKBwIXwcH8ZPw==",
                "logoUrl": "https://media.licdn.com/dms/image/v2/D4D0BAQHJPlcA68PA2Q/company-logo_"
            },
            "timePeriod": {
                "endDate": {
                    "year": 2021
                },
                "startDate": {
                    "year": 2017
                }
            },
            "description": "Security in Telecommunication Networks and systems, Machine Learning, Introduction to Intelligent Robotics, Machine Learning, Information Theory, Computer Networks, Tools for Computation and Visualization Vector Analysis, Mathematical Methods.",
            "fieldOfStudyUrn": "urn:li:fs_fieldOfStudy:100353",
            "degreeName": "Bachelor of Engineering - BE",
            "schoolName": "Universidad Politécnica de Madrid",
            "fieldOfStudy": "Telecommunications Engineering",
            "degreeUrn": "urn:li:fs_degree:269",
            "schoolUrn": "urn:li:fs_miniSchool:12241"
        }
    ],
    "languages": [
        {
            "name": "English",
            "proficiency": "FULL_PROFESSIONAL"
        },
        {
            "name": "Spanish",
            "proficiency": "NATIVE_OR_BILINGUAL"
        }
    ],
    "publications": [],
    "certifications": [
        {
            "authority": "ETS",
            "name": "TOEFL Score: 97/120 (C1 level) ",
            "timePeriod": {
                "endDate": {
                    "month": 7,
                    "year": 2023
                },
                "startDate": {
                    "month": 7,
                    "year": 2021
                }
            },
            "company": {
                "objectUrn": "urn:li:company:163705",
                "entityUrn": "urn:li:fs_miniCompany:163705",
                "name": "ETS",
                "showcase": false,
                "active": true,
                "logo": {
                    "com.linkedin.common.VectorImage": {
                        "artifacts": [
                            {
                                "width": 200,
                                "fileIdentifyingUrlPathSegment": "200_200/company-logo_200_200/0/1712783441150/educational_testing_service_ets_logo?e=1748476800&v=beta&t=ldgGuh_XZcQL1ZinNZLh3sTL6YfuT8mKRV-iouUo_eA",
                                "expiresAt": 1748476800000,
                                "height": 200
                            },
                            {
                                "width": 100,
                                "fileIdentifyingUrlPathSegment": "100_100/company-logo_100_100/0/1712783441150/educational_testing_service_ets_logo?e=1748476800&v=beta&t=B6UZTupkboMvN4LvJHL0895e1VQOY20kun1pNTX_Glw",
                                "expiresAt": 1748476800000,
                                "height": 100
                            },
                            {
                                "width": 400,
                                "fileIdentifyingUrlPathSegment": "400_400/company-logo_400_400/0/1712783441150/educational_testing_service_ets_logo?e=1748476800&v=beta&t=jU9Jp55GFA9AUbHgI2hBmasDx5yp2f4I1BP4-syS1Mc",
                                "expiresAt": 1748476800000,
                                "height": 400
                            }
                        ],
                        "rootUrl": "https://media.licdn.com/dms/image/v2/D4E0BAQFdkmWX3efmVg/company-logo_"
                    }
                },
                "universalName": "educational-testing-service-ets",
                "dashCompanyUrn": "urn:li:fsd_company:163705",
                "trackingId": "euFNcl8pTJivCJp/CscU+Q=="
            },
            "companyUrn": "urn:li:fs_miniCompany:163705"
        },
        {
            "authority": "Cambridge Assessment English",
            "name": "CAE (C1 level)",
            "timePeriod": {
                "startDate": {
                    "month": 12,
                    "year": 2018
                }
            },
            "company": {
                "objectUrn": "urn:li:company:785621",
                "entityUrn": "urn:li:fs_miniCompany:785621",
                "name": "Cambridge University Press & Assessment English",
                "showcase": false,
                "active": true,
                "logo": {
                    "com.linkedin.common.VectorImage": {
                        "artifacts": [
                            {
                                "width": 200,
                                "fileIdentifyingUrlPathSegment": "200_200/company-logo_200_200/0/1650876513245/cambridge_university_press_assessment_english_logo?e=1748476800&v=beta&t=JJlDZHrhJyN6MfZ8N83MFJUETjwhtwDuQ8SvO6RD9KM",
                                "expiresAt": 1748476800000,
                                "height": 200
                            },
                            {
                                "width": 100,
                                "fileIdentifyingUrlPathSegment": "100_100/company-logo_100_100/0/1650876513245/cambridge_university_press_assessment_english_logo?e=1748476800&v=beta&t=8iMGjGAhc5MOCBVYtnjUS6TtXaF9hCuAc5OSmGmqKZI",
                                "expiresAt": 1748476800000,
                                "height": 100
                            },
                            {
                                "width": 400,
                                "fileIdentifyingUrlPathSegment": "400_400/company-logo_400_400/0/1650876513245/cambridge_university_press_assessment_english_logo?e=1748476800&v=beta&t=h0Aw9eYopNMOVPAc8S4JKWSYr7Ekw0v68-8lhuqi02E",
                                "expiresAt": 1748476800000,
                                "height": 400
                            }
                        ],
                        "rootUrl": "https://media.licdn.com/dms/image/v2/C4E0BAQF764moHT29Og/company-logo_"
                    }
                },
                "universalName": "cambridge-university-press-assessment-english",
                "dashCompanyUrn": "urn:li:fsd_company:785621",
                "trackingId": "yY3FBe2hROiCmTqISfsWUA=="
            },
            "companyUrn": "urn:li:fs_miniCompany:785621"
        },
        {
            "authority": "LinkedIn",
            "name": "Speaking Confidently and Effectively",
            "timePeriod": {
                "startDate": {
                    "month": 5,
                    "year": 2023
                }
            },
            "company": {
                "objectUrn": "urn:li:company:1337",
                "entityUrn": "urn:li:fs_miniCompany:1337",
                "name": "LinkedIn",
                "showcase": false,
                "active": true,
                "logo": {
                    "com.linkedin.common.VectorImage": {
                        "artifacts": [
                            {
                                "width": 200,
                                "fileIdentifyingUrlPathSegment": "200_200/company-logo_200_200/0/1638831590218/linkedin_logo?e=1748476800&v=beta&t=cITZJnO09yqHBlZ_wKJ4HUFda2YMvLfYDFgPRHLE3mg",
                                "expiresAt": 1748476800000,
                                "height": 200
                            },
                            {
                                "width": 100,
                                "fileIdentifyingUrlPathSegment": "100_100/company-logo_100_100/0/1638831590218/linkedin_logo?e=1748476800&v=beta&t=mQ2dbRmB-ho0Q7eN9wDRaxicSVOnh1QdZadDTkKWe7E",
                                "expiresAt": 1748476800000,
                                "height": 100
                            },
                            {
                                "width": 400,
                                "fileIdentifyingUrlPathSegment": "400_400/company-logo_400_400/0/1638831590218/linkedin_logo?e=1748476800&v=beta&t=3COxZsuR1oMWffpZgMIVNd3IwmvadZ0zqpguCkh2L34",
                                "expiresAt": 1748476800000,
                                "height": 400
                            }
                        ],
                        "rootUrl": "https://media.licdn.com/dms/image/v2/C560BAQHaVYd13rRz3A/company-logo_"
                    }
                },
                "universalName": "linkedin",
                "dashCompanyUrn": "urn:li:fsd_company:1337",
                "trackingId": "wAWcQzIfRRCM7QlBAaYsjA=="
            },
            "displaySource": "linkedin.com",
            "companyUrn": "urn:li:fs_miniCompany:1337",
            "url": "https://www.linkedin.com/learning/certificates/ffa98aca8c64cf7270970cf4e34445d662c3f5edf3987d1f01df19f731cc804f"
        }
    ],
    "volunteer": [],
    "honors": [],
    "projects": [
        {
            "occupation": "urn:li:fs_education:(ACoAADVFoOEBMtMrkmkLajeDpg10gPBma36_AJU,824892910)",
            "members": [
                {
                    "member": {
                        "firstName": "Carlos",
                        "lastName": "Muñoz Losa",
                        "dashEntityUrn": "urn:li:fsd_profile:ACoAADVFoOEBMtMrkmkLajeDpg10gPBma36_AJU",
                        "occupation": "Machine Learning Engineer | MS 𝗔𝗿𝘁𝗶𝗳𝗶𝗰𝗶𝗮𝗹 𝗜𝗻𝘁𝗲𝗹𝗹𝗶𝗴𝗲𝗻𝗰𝗲 | Telecommunications Engineer | Soccer Coach | Student Athlete",
                        "objectUrn": "urn:li:member:893755617",
                        "entityUrn": "urn:li:fs_miniProfile:ACoAADVFoOEBMtMrkmkLajeDpg10gPBma36_AJU",
                        "backgroundImage": {
                            "com.linkedin.common.VectorImage": {
                                "artifacts": [
                                    {
                                        "width": 800,
                                        "fileIdentifyingUrlPathSegment": "200_800/profile-displaybackgroundimage-shrink_200_800/0/1686701534276?e=1746057600&v=beta&t=4WxLgqY5O-rJTuLip-I1pk9JhoVTXAQiQWd7yNKB08k",
                                        "expiresAt": 1746057600000,
                                        "height": 200
                                    },
                                    {
                                        "width": 1400,
                                        "fileIdentifyingUrlPathSegment": "350_1400/profile-displaybackgroundimage-shrink_350_1400/0/1686701534276?e=1746057600&v=beta&t=TDf-YfRR5M8wVj6G3E2Bv6DyzFXrO8fOSxkT3ytkmM4",
                                        "expiresAt": 1746057600000,
                                        "height": 350
                                    }
                                ],
                                "rootUrl": "https://media.licdn.com/dms/image/v2/D5616AQE6fhBUwGhicQ/profile-displaybackgroundimage-shrink_"
                            }
                        },
                        "publicIdentifier": "carlos-munoz-losa",
                        "picture": {
                            "com.linkedin.common.VectorImage": {
                                "artifacts": [
                                    {
                                        "width": 100,
                                        "fileIdentifyingUrlPathSegment": "100_100/profile-displayphoto-shrink_100_100/0/1679609030712?e=1746057600&v=beta&t=0no8RaZ4K0F8kHaV9tH5Xe9CoaBaXNOWmNlWcJ0rPsE",
                                        "expiresAt": 1746057600000,
                                        "height": 100
                                    },
                                    {
                                        "width": 200,
                                        "fileIdentifyingUrlPathSegment": "200_200/profile-displayphoto-shrink_200_200/0/1679609030712?e=1746057600&v=beta&t=Jpw6CJkf2An648GnWxO2R9TXucfb_4TFwp24UiOjzcg",
                                        "expiresAt": 1746057600000,
                                        "height": 200
                                    },
                                    {
                                        "width": 400,
                                        "fileIdentifyingUrlPathSegment": "400_400/profile-displayphoto-shrink_400_400/0/1679609030712?e=1746057600&v=beta&t=AZiZTsmrvX99GmbLU2XhOaNFIxpASPgCwC-VMDg1OiU",
                                        "expiresAt": 1746057600000,
                                        "height": 400
                                    },
                                    {
                                        "width": 800,
                                        "fileIdentifyingUrlPathSegment": "800_800/profile-displayphoto-shrink_800_800/0/1679609030712?e=1746057600&v=beta&t=lIV35fvqdIMflOQe8IuEWZxQzjnMy5C7-uj-69qlY4Q",
                                        "expiresAt": 1746057600000,
                                        "height": 800
                                    }
                                ],
                                "rootUrl": "https://media.licdn.com/dms/image/v2/D4D03AQHKgiMZ4imnDA/profile-displayphoto-shrink_"
                            }
                        },
                        "trackingId": "RairKEd2SACYR/N8Q1Tehg=="
                    },
                    "entityUrn": "urn:li:fs_contributor:(ACoAADVFoOEBMtMrkmkLajeDpg10gPBma36_AJU,926173745,392925383)",
                    "profileUrn": "urn:li:fs_miniProfile:ACoAADVFoOEBMtMrkmkLajeDpg10gPBma36_AJU"
                },
                {
                    "member": {
                        "firstName": "Miguel",
                        "lastName": "Cózar",
                        "dashEntityUrn": "urn:li:fsd_profile:ACoAACn0vI4ButhGsixYMVC4M2xC7zIr0d16RBg",
                        "occupation": "Data Scientist @ ServiceLink | Telecom Engineer and AI Master",
                        "objectUrn": "urn:li:member:703904910",
                        "entityUrn": "urn:li:fs_miniProfile:ACoAACn0vI4ButhGsixYMVC4M2xC7zIr0d16RBg",
                        "backgroundImage": {
                            "com.linkedin.common.VectorImage": {
                                "artifacts": [
                                    {
                                        "width": 800,
                                        "fileIdentifyingUrlPathSegment": "200_800/profile-displaybackgroundimage-shrink_200_800/0/1678391980060?e=1746057600&v=beta&t=DiNKS3Ff4ngw8HU_WY-FCsQFyZZQleOLN2FETsnz_74",
                                        "expiresAt": 1746057600000,
                                        "height": 200
                                    },
                                    {
                                        "width": 1400,
                                        "fileIdentifyingUrlPathSegment": "350_1400/profile-displaybackgroundimage-shrink_350_1400/0/1678391980060?e=1746057600&v=beta&t=hTIP-XiHOGEhe7NLDkyHjlICmRpbemS1YlVSPjPeo5E",
                                        "expiresAt": 1746057600000,
                                        "height": 350
                                    }
                                ],
                                "rootUrl": "https://media.licdn.com/dms/image/v2/D5616AQGmI1HFJQJAUw/profile-displaybackgroundimage-shrink_"
                            }
                        },
                        "publicIdentifier": "miguel-cozar",
                        "picture": {
                            "com.linkedin.common.VectorImage": {
                                "artifacts": [
                                    {
                                        "width": 100,
                                        "fileIdentifyingUrlPathSegment": "100_100/profile-displayphoto-shrink_100_100/0/1679694144349?e=1746057600&v=beta&t=Qxk_eQwG0W3VtOncUG4kzCskMENDX9Ray8dAjEYfahM",
                                        "expiresAt": 1746057600000,
                                        "height": 100
                                    },
                                    {
                                        "width": 200,
                                        "fileIdentifyingUrlPathSegment": "200_200/profile-displayphoto-shrink_200_200/0/1679694144349?e=1746057600&v=beta&t=ki4f_folu8SpMLT78bcxmcNgQfD2aSy5uioeLQ7e3Fg",
                                        "expiresAt": 1746057600000,
                                        "height": 200
                                    },
                                    {
                                        "width": 400,
                                        "fileIdentifyingUrlPathSegment": "400_400/profile-displayphoto-shrink_400_400/0/1679694144349?e=1746057600&v=beta&t=U6QbZXUh2xhdS_UNafO5RmxpVBbpCYfQEzspbvt7ThM",
                                        "expiresAt": 1746057600000,
                                        "height": 400
                                    },
                                    {
                                        "width": 800,
                                        "fileIdentifyingUrlPathSegment": "800_800/profile-displayphoto-shrink_800_800/0/1679694144349?e=1746057600&v=beta&t=KMzeTebOihHY21IhiS1dXUrTN0QND2NYLLf9ooOk6Co",
                                        "expiresAt": 1746057600000,
                                        "height": 800
                                    }
                                ],
                                "rootUrl": "https://media.licdn.com/dms/image/v2/D5603AQHo4uqg0SM1mA/profile-displayphoto-shrink_"
                            }
                        },
                        "trackingId": "mo0hpZK4T8SQnnhDB1xu1A=="
                    },
                    "entityUrn": "urn:li:fs_contributor:(ACoAADVFoOEBMtMrkmkLajeDpg10gPBma36_AJU,926173745,392927203)",
                    "profileUrn": "urn:li:fs_miniProfile:ACoAACn0vI4ButhGsixYMVC4M2xC7zIr0d16RBg"
                },
                {
                    "member": {
                        "firstName": "David",
                        "lastName": "Arias",
                        "dashEntityUrn": "urn:li:fsd_profile:ACoAABrtJHIB8luY8KB232tt7kEhBApZebpcYZQ",
                        "occupation": "Data Science @ ServiceLink",
                        "objectUrn": "urn:li:member:451748978",
                        "entityUrn": "urn:li:fs_miniProfile:ACoAABrtJHIB8luY8KB232tt7kEhBApZebpcYZQ",
                        "backgroundImage": {
                            "com.linkedin.common.VectorImage": {
                                "artifacts": [
                                    {
                                        "width": 800,
                                        "fileIdentifyingUrlPathSegment": "200_800/profile-displaybackgroundimage-shrink_200_800/0/1666064221989?e=1746057600&v=beta&t=C69wIVdfsqP9jaLAhHlBnPeJPToF8PLNQbXTeKyBLDE",
                                        "expiresAt": 1746057600000,
                                        "height": 199
                                    },
                                    {
                                        "width": 1400,
                                        "fileIdentifyingUrlPathSegment": "350_1400/profile-displaybackgroundimage-shrink_350_1400/0/1666064221989?e=1746057600&v=beta&t=_SrBLj_sAbsPV8XgL_CxTfDQhTzAR4pq1ytFncH9-N0",
                                        "expiresAt": 1746057600000,
                                        "height": 349
                                    }
                                ],
                                "rootUrl": "https://media.licdn.com/dms/image/v2/D4E16AQEej-prSQpnmA/profile-displaybackgroundimage-shrink_"
                            }
                        },
                        "publicIdentifier": "davidariasc",
                        "picture": {
                            "com.linkedin.common.VectorImage": {
                                "artifacts": [
                                    {
                                        "width": 100,
                                        "fileIdentifyingUrlPathSegment": "100_100/profile-displayphoto-shrink_100_100/0/1685216683007?e=1746057600&v=beta&t=JYSQQ8IgkG9OOFtgz2pdH33ySORWX68katiCvEdVl9E",
                                        "expiresAt": 1746057600000,
                                        "height": 100
                                    },
                                    {
                                        "width": 200,
                                        "fileIdentifyingUrlPathSegment": "200_200/profile-displayphoto-shrink_200_200/0/1685216683007?e=1746057600&v=beta&t=DDY_yTuv50ek9s6t1ZehAE1ugQynDsi6pEf9ja145pQ",
                                        "expiresAt": 1746057600000,
                                        "height": 200
                                    },
                                    {
                                        "width": 400,
                                        "fileIdentifyingUrlPathSegment": "400_400/profile-displayphoto-shrink_400_400/0/1685216683007?e=1746057600&v=beta&t=gUx7lkfgiHOO3_lOMG6YPL5VKvIf6gF9Vm4QlAnr64k",
                                        "expiresAt": 1746057600000,
                                        "height": 400
                                    },
                                    {
                                        "width": 800,
                                        "fileIdentifyingUrlPathSegment": "800_800/profile-displayphoto-shrink_800_800/0/1685216683007?e=1746057600&v=beta&t=SsfaFyl5KSneBSWaoPDpD2FTz1cT6JCslRbIhCl1v48",
                                        "expiresAt": 1746057600000,
                                        "height": 800
                                    }
                                ],
                                "rootUrl": "https://media.licdn.com/dms/image/v2/D5603AQHHCX8Q7lIZjw/profile-displayphoto-shrink_"
                            }
                        },
                        "trackingId": "cEf3CBu0QoSpyUovrgCtzg=="
                    },
                    "entityUrn": "urn:li:fs_contributor:(ACoAADVFoOEBMtMrkmkLajeDpg10gPBma36_AJU,926173745,392928073)",
                    "profileUrn": "urn:li:fs_miniProfile:ACoAABrtJHIB8luY8KB232tt7kEhBApZebpcYZQ"
                }
            ],
            "timePeriod": {
                "endDate": {
                    "month": 4,
                    "year": 2023
                },
                "startDate": {
                    "month": 2,
                    "year": 2023
                }
            },
            "description": "Development and deployment of a tool for summarizing real-world news using advanced NLP generative models. Using BERT model with 280K news dataset and deployed on Twitter.",
            "title": "News Summarization"
        },
        {
            "occupation": "urn:li:fs_education:(ACoAADVFoOEBMtMrkmkLajeDpg10gPBma36_AJU,824892910)",
            "members": [
                {
                    "member": {
                        "firstName": "Carlos",
                        "lastName": "Muñoz Losa",
                        "dashEntityUrn": "urn:li:fsd_profile:ACoAADVFoOEBMtMrkmkLajeDpg10gPBma36_AJU",
                        "occupation": "Machine Learning Engineer | MS 𝗔𝗿𝘁𝗶𝗳𝗶𝗰𝗶𝗮𝗹 𝗜𝗻𝘁𝗲𝗹𝗹𝗶𝗴𝗲𝗻𝗰𝗲 | Telecommunications Engineer | Soccer Coach | Student Athlete",
                        "objectUrn": "urn:li:member:893755617",
                        "entityUrn": "urn:li:fs_miniProfile:ACoAADVFoOEBMtMrkmkLajeDpg10gPBma36_AJU",
                        "backgroundImage": {
                            "com.linkedin.common.VectorImage": {
                                "artifacts": [
                                    {
                                        "width": 800,
                                        "fileIdentifyingUrlPathSegment": "200_800/profile-displaybackgroundimage-shrink_200_800/0/1686701534276?e=1746057600&v=beta&t=4WxLgqY5O-rJTuLip-I1pk9JhoVTXAQiQWd7yNKB08k",
                                        "expiresAt": 1746057600000,
                                        "height": 200
                                    },
                                    {
                                        "width": 1400,
                                        "fileIdentifyingUrlPathSegment": "350_1400/profile-displaybackgroundimage-shrink_350_1400/0/1686701534276?e=1746057600&v=beta&t=TDf-YfRR5M8wVj6G3E2Bv6DyzFXrO8fOSxkT3ytkmM4",
                                        "expiresAt": 1746057600000,
                                        "height": 350
                                    }
                                ],
                                "rootUrl": "https://media.licdn.com/dms/image/v2/D5616AQE6fhBUwGhicQ/profile-displaybackgroundimage-shrink_"
                            }
                        },
                        "publicIdentifier": "carlos-munoz-losa",
                        "picture": {
                            "com.linkedin.common.VectorImage": {
                                "artifacts": [
                                    {
                                        "width": 100,
                                        "fileIdentifyingUrlPathSegment": "100_100/profile-displayphoto-shrink_100_100/0/1679609030712?e=1746057600&v=beta&t=0no8RaZ4K0F8kHaV9tH5Xe9CoaBaXNOWmNlWcJ0rPsE",
                                        "expiresAt": 1746057600000,
                                        "height": 100
                                    },
                                    {
                                        "width": 200,
                                        "fileIdentifyingUrlPathSegment": "200_200/profile-displayphoto-shrink_200_200/0/1679609030712?e=1746057600&v=beta&t=Jpw6CJkf2An648GnWxO2R9TXucfb_4TFwp24UiOjzcg",
                                        "expiresAt": 1746057600000,
                                        "height": 200
                                    },
                                    {
                                        "width": 400,
                                        "fileIdentifyingUrlPathSegment": "400_400/profile-displayphoto-shrink_400_400/0/1679609030712?e=1746057600&v=beta&t=AZiZTsmrvX99GmbLU2XhOaNFIxpASPgCwC-VMDg1OiU",
                                        "expiresAt": 1746057600000,
                                        "height": 400
                                    },
                                    {
                                        "width": 800,
                                        "fileIdentifyingUrlPathSegment": "800_800/profile-displayphoto-shrink_800_800/0/1679609030712?e=1746057600&v=beta&t=lIV35fvqdIMflOQe8IuEWZxQzjnMy5C7-uj-69qlY4Q",
                                        "expiresAt": 1746057600000,
                                        "height": 800
                                    }
                                ],
                                "rootUrl": "https://media.licdn.com/dms/image/v2/D4D03AQHKgiMZ4imnDA/profile-displayphoto-shrink_"
                            }
                        },
                        "trackingId": "RairKEd2SACYR/N8Q1Tehg=="
                    },
                    "entityUrn": "urn:li:fs_contributor:(ACoAADVFoOEBMtMrkmkLajeDpg10gPBma36_AJU,926360453,392924495)",
                    "profileUrn": "urn:li:fs_miniProfile:ACoAADVFoOEBMtMrkmkLajeDpg10gPBma36_AJU"
                },
                {
                    "member": {
                        "firstName": "Miguel",
                        "lastName": "Cózar",
                        "dashEntityUrn": "urn:li:fsd_profile:ACoAACn0vI4ButhGsixYMVC4M2xC7zIr0d16RBg",
                        "occupation": "Data Scientist @ ServiceLink | Telecom Engineer and AI Master",
                        "objectUrn": "urn:li:member:703904910",
                        "entityUrn": "urn:li:fs_miniProfile:ACoAACn0vI4ButhGsixYMVC4M2xC7zIr0d16RBg",
                        "backgroundImage": {
                            "com.linkedin.common.VectorImage": {
                                "artifacts": [
                                    {
                                        "width": 800,
                                        "fileIdentifyingUrlPathSegment": "200_800/profile-displaybackgroundimage-shrink_200_800/0/1678391980060?e=1746057600&v=beta&t=DiNKS3Ff4ngw8HU_WY-FCsQFyZZQleOLN2FETsnz_74",
                                        "expiresAt": 1746057600000,
                                        "height": 200
                                    },
                                    {
                                        "width": 1400,
                                        "fileIdentifyingUrlPathSegment": "350_1400/profile-displaybackgroundimage-shrink_350_1400/0/1678391980060?e=1746057600&v=beta&t=hTIP-XiHOGEhe7NLDkyHjlICmRpbemS1YlVSPjPeo5E",
                                        "expiresAt": 1746057600000,
                                        "height": 350
                                    }
                                ],
                                "rootUrl": "https://media.licdn.com/dms/image/v2/D5616AQGmI1HFJQJAUw/profile-displaybackgroundimage-shrink_"
                            }
                        },
                        "publicIdentifier": "miguel-cozar",
                        "picture": {
                            "com.linkedin.common.VectorImage": {
                                "artifacts": [
                                    {
                                        "width": 100,
                                        "fileIdentifyingUrlPathSegment": "100_100/profile-displayphoto-shrink_100_100/0/1679694144349?e=1746057600&v=beta&t=Qxk_eQwG0W3VtOncUG4kzCskMENDX9Ray8dAjEYfahM",
                                        "expiresAt": 1746057600000,
                                        "height": 100
                                    },
                                    {
                                        "width": 200,
                                        "fileIdentifyingUrlPathSegment": "200_200/profile-displayphoto-shrink_200_200/0/1679694144349?e=1746057600&v=beta&t=ki4f_folu8SpMLT78bcxmcNgQfD2aSy5uioeLQ7e3Fg",
                                        "expiresAt": 1746057600000,
                                        "height": 200
                                    },
                                    {
                                        "width": 400,
                                        "fileIdentifyingUrlPathSegment": "400_400/profile-displayphoto-shrink_400_400/0/1679694144349?e=1746057600&v=beta&t=U6QbZXUh2xhdS_UNafO5RmxpVBbpCYfQEzspbvt7ThM",
                                        "expiresAt": 1746057600000,
                                        "height": 400
                                    },
                                    {
                                        "width": 800,
                                        "fileIdentifyingUrlPathSegment": "800_800/profile-displayphoto-shrink_800_800/0/1679694144349?e=1746057600&v=beta&t=KMzeTebOihHY21IhiS1dXUrTN0QND2NYLLf9ooOk6Co",
                                        "expiresAt": 1746057600000,
                                        "height": 800
                                    }
                                ],
                                "rootUrl": "https://media.licdn.com/dms/image/v2/D5603AQHo4uqg0SM1mA/profile-displayphoto-shrink_"
                            }
                        },
                        "trackingId": "mo0hpZK4T8SQnnhDB1xu1A=="
                    },
                    "entityUrn": "urn:li:fs_contributor:(ACoAADVFoOEBMtMrkmkLajeDpg10gPBma36_AJU,926360453,392929037)",
                    "profileUrn": "urn:li:fs_miniProfile:ACoAACn0vI4ButhGsixYMVC4M2xC7zIr0d16RBg"
                }
            ],
            "timePeriod": {
                "endDate": {
                    "month": 4,
                    "year": 2023
                },
                "startDate": {
                    "month": 2,
                    "year": 2023
                }
            },
            "description": "Detailed research of the US senator's social media activity resulted in a paper. Analyzing 230K Tweets classifying into relevant topics. Design/Compute a popularity metric for researching the most popular senators, topics, and connections. Illustrated the extensive analysis insights of the senate paradigm, focused on party popularity differences.",
            "title": "US Senators’ Twitter social media analysis"
        },
        {
            "occupation": "urn:li:fs_education:(ACoAADVFoOEBMtMrkmkLajeDpg10gPBma36_AJU,824892910)",
            "members": [
                {
                    "member": {
                        "firstName": "Carlos",
                        "lastName": "Muñoz Losa",
                        "dashEntityUrn": "urn:li:fsd_profile:ACoAADVFoOEBMtMrkmkLajeDpg10gPBma36_AJU",
                        "occupation": "Machine Learning Engineer | MS 𝗔𝗿𝘁𝗶𝗳𝗶𝗰𝗶𝗮𝗹 𝗜𝗻𝘁𝗲𝗹𝗹𝗶𝗴𝗲𝗻𝗰𝗲 | Telecommunications Engineer | Soccer Coach | Student Athlete",
                        "objectUrn": "urn:li:member:893755617",
                        "entityUrn": "urn:li:fs_miniProfile:ACoAADVFoOEBMtMrkmkLajeDpg10gPBma36_AJU",
                        "backgroundImage": {
                            "com.linkedin.common.VectorImage": {
                                "artifacts": [
                                    {
                                        "width": 800,
                                        "fileIdentifyingUrlPathSegment": "200_800/profile-displaybackgroundimage-shrink_200_800/0/1686701534276?e=1746057600&v=beta&t=4WxLgqY5O-rJTuLip-I1pk9JhoVTXAQiQWd7yNKB08k",
                                        "expiresAt": 1746057600000,
                                        "height": 200
                                    },
                                    {
                                        "width": 1400,
                                        "fileIdentifyingUrlPathSegment": "350_1400/profile-displaybackgroundimage-shrink_350_1400/0/1686701534276?e=1746057600&v=beta&t=TDf-YfRR5M8wVj6G3E2Bv6DyzFXrO8fOSxkT3ytkmM4",
                                        "expiresAt": 1746057600000,
                                        "height": 350
                                    }
                                ],
                                "rootUrl": "https://media.licdn.com/dms/image/v2/D5616AQE6fhBUwGhicQ/profile-displaybackgroundimage-shrink_"
                            }
                        },
                        "publicIdentifier": "carlos-munoz-losa",
                        "picture": {
                            "com.linkedin.common.VectorImage": {
                                "artifacts": [
                                    {
                                        "width": 100,
                                        "fileIdentifyingUrlPathSegment": "100_100/profile-displayphoto-shrink_100_100/0/1679609030712?e=1746057600&v=beta&t=0no8RaZ4K0F8kHaV9tH5Xe9CoaBaXNOWmNlWcJ0rPsE",
                                        "expiresAt": 1746057600000,
                                        "height": 100
                                    },
                                    {
                                        "width": 200,
                                        "fileIdentifyingUrlPathSegment": "200_200/profile-displayphoto-shrink_200_200/0/1679609030712?e=1746057600&v=beta&t=Jpw6CJkf2An648GnWxO2R9TXucfb_4TFwp24UiOjzcg",
                                        "expiresAt": 1746057600000,
                                        "height": 200
                                    },
                                    {
                                        "width": 400,
                                        "fileIdentifyingUrlPathSegment": "400_400/profile-displayphoto-shrink_400_400/0/1679609030712?e=1746057600&v=beta&t=AZiZTsmrvX99GmbLU2XhOaNFIxpASPgCwC-VMDg1OiU",
                                        "expiresAt": 1746057600000,
                                        "height": 400
                                    },
                                    {
                                        "width": 800,
                                        "fileIdentifyingUrlPathSegment": "800_800/profile-displayphoto-shrink_800_800/0/1679609030712?e=1746057600&v=beta&t=lIV35fvqdIMflOQe8IuEWZxQzjnMy5C7-uj-69qlY4Q",
                                        "expiresAt": 1746057600000,
                                        "height": 800
                                    }
                                ],
                                "rootUrl": "https://media.licdn.com/dms/image/v2/D4D03AQHKgiMZ4imnDA/profile-displayphoto-shrink_"
                            }
                        },
                        "trackingId": "RairKEd2SACYR/N8Q1Tehg=="
                    },
                    "entityUrn": "urn:li:fs_contributor:(ACoAADVFoOEBMtMrkmkLajeDpg10gPBma36_AJU,797827442,387650573)",
                    "profileUrn": "urn:li:fs_miniProfile:ACoAADVFoOEBMtMrkmkLajeDpg10gPBma36_AJU"
                },
                {
                    "member": {
                        "firstName": "Miguel",
                        "lastName": "Cózar",
                        "dashEntityUrn": "urn:li:fsd_profile:ACoAACn0vI4ButhGsixYMVC4M2xC7zIr0d16RBg",
                        "occupation": "Data Scientist @ ServiceLink | Telecom Engineer and AI Master",
                        "objectUrn": "urn:li:member:703904910",
                        "entityUrn": "urn:li:fs_miniProfile:ACoAACn0vI4ButhGsixYMVC4M2xC7zIr0d16RBg",
                        "backgroundImage": {
                            "com.linkedin.common.VectorImage": {
                                "artifacts": [
                                    {
                                        "width": 800,
                                        "fileIdentifyingUrlPathSegment": "200_800/profile-displaybackgroundimage-shrink_200_800/0/1678391980060?e=1746057600&v=beta&t=DiNKS3Ff4ngw8HU_WY-FCsQFyZZQleOLN2FETsnz_74",
                                        "expiresAt": 1746057600000,
                                        "height": 200
                                    },
                                    {
                                        "width": 1400,
                                        "fileIdentifyingUrlPathSegment": "350_1400/profile-displaybackgroundimage-shrink_350_1400/0/1678391980060?e=1746057600&v=beta&t=hTIP-XiHOGEhe7NLDkyHjlICmRpbemS1YlVSPjPeo5E",
                                        "expiresAt": 1746057600000,
                                        "height": 350
                                    }
                                ],
                                "rootUrl": "https://media.licdn.com/dms/image/v2/D5616AQGmI1HFJQJAUw/profile-displaybackgroundimage-shrink_"
                            }
                        },
                        "publicIdentifier": "miguel-cozar",
                        "picture": {
                            "com.linkedin.common.VectorImage": {
                                "artifacts": [
                                    {
                                        "width": 100,
                                        "fileIdentifyingUrlPathSegment": "100_100/profile-displayphoto-shrink_100_100/0/1679694144349?e=1746057600&v=beta&t=Qxk_eQwG0W3VtOncUG4kzCskMENDX9Ray8dAjEYfahM",
                                        "expiresAt": 1746057600000,
                                        "height": 100
                                    },
                                    {
                                        "width": 200,
                                        "fileIdentifyingUrlPathSegment": "200_200/profile-displayphoto-shrink_200_200/0/1679694144349?e=1746057600&v=beta&t=ki4f_folu8SpMLT78bcxmcNgQfD2aSy5uioeLQ7e3Fg",
                                        "expiresAt": 1746057600000,
                                        "height": 200
                                    },
                                    {
                                        "width": 400,
                                        "fileIdentifyingUrlPathSegment": "400_400/profile-displayphoto-shrink_400_400/0/1679694144349?e=1746057600&v=beta&t=U6QbZXUh2xhdS_UNafO5RmxpVBbpCYfQEzspbvt7ThM",
                                        "expiresAt": 1746057600000,
                                        "height": 400
                                    },
                                    {
                                        "width": 800,
                                        "fileIdentifyingUrlPathSegment": "800_800/profile-displayphoto-shrink_800_800/0/1679694144349?e=1746057600&v=beta&t=KMzeTebOihHY21IhiS1dXUrTN0QND2NYLLf9ooOk6Co",
                                        "expiresAt": 1746057600000,
                                        "height": 800
                                    }
                                ],
                                "rootUrl": "https://media.licdn.com/dms/image/v2/D5603AQHo4uqg0SM1mA/profile-displayphoto-shrink_"
                            }
                        },
                        "trackingId": "mo0hpZK4T8SQnnhDB1xu1A=="
                    },
                    "entityUrn": "urn:li:fs_contributor:(ACoAADVFoOEBMtMrkmkLajeDpg10gPBma36_AJU,797827442,387645726)",
                    "profileUrn": "urn:li:fs_miniProfile:ACoAACn0vI4ButhGsixYMVC4M2xC7zIr0d16RBg"
                }
            ],
            "timePeriod": {
                "endDate": {
                    "month": 12,
                    "year": 2022
                },
                "startDate": {
                    "month": 10,
                    "year": 2022
                }
            },
            "description": "Project for IIT's Deep Learning course in Fall Semester 2022. In this project we propose three different deep learning models for predicting a song's popularity using three different sets of features:\n\n- General Song Features\n- Musical Analysis Features\n- Lyrics Features",
            "title": "Design and Development of a song popularity predictor using Keras Neural Networks",
            "url": "https://github.com/mcozar99/Spotify_Popularity_Predictor"
        }
    ],
    "skills": [
        {
            "name": "Computer Vision"
        },
        {
            "name": "Software Development"
        },
        {
            "name": "Seaborn"
        },
        {
            "name": "Online Social Network Analysis"
        }
    ],
    "urn_id": "ACoAADVFoOEBMtMrkmkLajeDpg10gPBma36_AJU"
}